Code,Description,ReferenceManufactures,productcode,ProductGUID,bodega_origen,bodega_destino,periodos_consignacion,periodos_sin_asignar,cantidad_disponible,cantidad_negativa,cantidad_a_trasladar,cantidad_pendiente,estado
01010100,CAMISA MANGA LARGA BLANCA XXS,LEKAMP SAS,126258,684b37f8-9903-4414-8db8-9043fe181729,CONSIG01 - Inventario en consignación,Sin asignar,202511,202511,3.0,1.0,1.0,0.0,completo
01010101,CAMISA MANGA LARGA BLANCA XS,LEKAMP SAS,91675,2ba642a3-3e85-4af9-9c7c-c2ae581b5c5f,CONSIG01 - Inventario en consignación,Sin asignar,202509,202509,3.0,1.0,1.0,0.0,completo
01010102,CAMISA MANGA LARGA BLANCA S,LEKAMP SAS,91676,109a25b1-036e-4433-9a10-0ca591277e1a,CONSIG01 - Inventario en consignación,Sin asignar,202511,202601,3.0,2.0,2.0,0.0,completo
01010103,CAMISA MANGA LARGA BLANCA M,LEKAMP SAS,91677,69d22486-1c94-463d-b957-b9c35cd4f56f,CONSIG01 - Inventario en consignación,Sin asignar,202511,202601,3.0,1.0,1.0,0.0,completo
01010104,CAMISA MANGA LARGA BLANCA L,LEKAMP SAS,91678,c928495d-283d-4a3a-a2cd-0886a85a8609,CONSIG01 - Inventario en consignación,Sin asignar,202511,202602,6.0,3.0,3.0,0.0,completo
01010105,CAMISA MANGA LARGA BLANCA XL,LEKAMP SAS,91679,521b3583-6064-4618-a38d-38744dec1690,CONSIG01 - Inventario en consignación,Sin asignar,202511,202512,3.0,1.0,1.0,0.0,completo
01010106,CAMISA MANGA LARGA BLANCA XXL,LEKAMP SAS,91681,f4b27012-0bac-4831-9350-d4f8e5931cbf,CONSIG01 - Inventario en consignación,Sin asignar,202510,202510,5.0,2.0,2.0,0.0,completo
01010202,CAMISA MANGA LARGA AZUL S,LEKAMP SAS,91684,308ebc7c-5453-4a07-a28b-15869e4e09ea,CONSIG01 - Inventario en consignación,Sin asignar,202511,202511,2.0,1.0,1.0,0.0,completo
01010203,CAMISA MANGA LARGA AZUL M,LEKAMP  SAS,91685,6650742c-b80d-4271-8317-bb15d0ecc02d,CONSIG01 - Inventario en consignación,Sin asignar,202509,202512,3.0,2.0,2.0,0.0,completo
01010204,CAMISA MANGA LARGA AZUL L,LEKAMP SAS,91686,96022a4e-2b47-4c2b-a019-78430267c0e4,CONSIG01 - Inventario en consignación,Sin asignar,202511,202511,4.0,2.0,2.0,0.0,completo
01010205,CAMISA MANGA LARGA AZUL XL,LEKAMP SAS,91687,0e464d98-19a7-4b2b-be1a-a481acd2bb1f,CONSIG01 - Inventario en consignación,Sin asignar,202507,202507,2.0,1.0,1.0,0.0,completo
01010301,CAMISA MANGA LARGA CAQUI XS,LEKAMP SAS,91689,cad3271c-2a63-4078-ad55-666671d89cf6,CONSIG01 - Inventario en consignación,Sin asignar,202511,202511,3.0,1.0,1.0,0.0,completo
01010303,CAMISA MANGA LARGA CAQUI M,LEKAMP SAS,91691,80e9673a-5816-46b5-89d8-402d4000893a,CONSIG01 - Inventario en consignación,Sin asignar,202511,202602,3.0,2.0,2.0,0.0,completo
01010304,CAMISA MANGA LARGA CAQUI L,LEKAMP SAS,91692,21dbb4b1-a4a8-42e6-aae7-e8bf940290f8,CONSIG01 - Inventario en consignación,Sin asignar,202511,202602,4.0,4.0,4.0,0.0,completo
01010307,CAMISA MANGA LARGA CAQUI XXXL,LEKAMP SAS,91695,a764127f-b6ae-406e-b4ea-996389e85c8a,CONSIG01 - Inventario en consignación,Sin asignar,202508,202510,2.0,1.0,1.0,0.0,completo
01010401,CAMISA MANGA LARGA GRIS XS,LEKAMP SAS,91696,a708664c-68c1-4fa6-b881-f79bdde62f32,CONSIG01 - Inventario en consignación,Sin asignar,202511,202511,2.0,1.0,1.0,0.0,completo
01010402,CAMISA MANGA LARGA GRIS S,LEKAMP SAS,91697,b9890cf8-7f21-4be7-8e5d-d387ed2cec5c,CONSIG01 - Inventario en consignación,Sin asignar,202511,202601,3.0,2.0,2.0,0.0,completo
01010404,CAMISA MANGA LARGA GRIS L,LEKAMP SAS,91699,87ac6a71-87ee-4a75-9bb0-609828bec32b,CONSIG01 - Inventario en consignación,Sin asignar,202511,202602,4.0,3.0,3.0,0.0,completo
01010502,CAMISA MANGA LARGA VERDE S,LEKAMP SAS,91703,2a676042-298b-4147-9931-b1398a138cc4,CONSIG01 - Inventario en consignación,Sin asignar,202511,202512,2.0,1.0,1.0,0.0,completo
01010503,CAMISA MANGA LARGA VERDE M,LEKAMP SAS,91704,b4473c7d-9e0c-4af1-be34-23c19678ceaf,CONSIG01 - Inventario en consignación,Sin asignar,202511,202512,7.0,6.0,6.0,0.0,completo
01010504,CAMISA MANGA LARGA VERDE L,LEKAMP SAS,91705,fe1b7aab-ec84-4fb1-a82b-92d3fae24805,CONSIG01 - Inventario en consignación,Sin asignar,202511,202601,6.0,5.0,5.0,0.0,completo
01010506,CAMISA MANGA LARGA VERDE XXL,LEKAMP SAS,91707,a6c6d464-6d6d-4696-908b-16ce9da53a9b,CONSIG01 - Inventario en consignación,Sin asignar,202509,202509,3.0,1.0,1.0,0.0,completo
01010605,CAMISA MANGA LARGA NEGRA XL,LEKAMP SAS,91916,22987a7a-9e3b-4ea2-93d3-fa714dcf7487,CONSIG01 - Inventario en consignación,Sin asignar,202511,202511,2.0,1.0,1.0,0.0,completo
01010702,CAMISA MANGA LARGA CELESTE S,LEKAMP SAS,91920,2132eb76-e759-43ab-83b5-98d0edc8a109,CONSIG01 - Inventario en consignación,Sin asignar,202511,202511,2.0,1.0,1.0,0.0,completo
01010703,CAMISA MANGA LARGA CELESTE M,LEKAMP SAS,91921,ff864e56-dcb2-4541-a74a-d21dfb4465d3,CONSIG01 - Inventario en consignación,Sin asignar,202511,202601,4.0,3.0,3.0,0.0,completo
01010704,CAMISA MANGA LARGA CELESTE L,LEKAMP SAS,91922,2acb6024-0a33-4e19-bd45-6d2c1016d14f,CONSIG01 - Inventario en consignación,Sin asignar,202511,202512,3.0,2.0,2.0,0.0,completo
01010802,CAMISA MANGA LARGA CONCRETO S,LEKAMP SAS,91926,e14eed20-6ed8-4241-b488-dff38de93daa,CONSIG01 - Inventario en consignación,Sin asignar,202511,202603,2.0,2.0,2.0,0.0,completo
01010803,CAMISA MANGA LARGA CONCRETO M,LEKAMP SAS,91927,524393df-99e0-4207-abd7-125be4b6a275,CONSIG01 - Inventario en consignación,Sin asignar,202511,202602,3.0,3.0,3.0,0.0,completo
01010804,CAMISA MANGA LARGA CONCRETO L,LEKAMP SAS,91928,878e355a-1ab6-4e9b-9448-3121c1b135f4,CONSIG01 - Inventario en consignación,Sin asignar,202511,202511,3.0,1.0,1.0,0.0,completo
01020103,CAMISA MANGA CORTA BLANCA M,LEKAMP SAS,91932,f5aeb608-6419-4e0b-b6f9-2e4f96a252e4,CONSIG01 - Inventario en consignación,Sin asignar,202507,202507,2.0,1.0,1.0,0.0,completo
01020105,CAMISA MANGA CORTA BLANCA XL,LEKAMP SAS,91934,c7b400b0-ceae-4903-b202-7549b42b778d,CONSIG01 - Inventario en consignación,Sin asignar,202511,202511,2.0,1.0,1.0,0.0,completo
01020106,CAMISA MANGA CORTA BLANCA XXL,LEKAMP SAS,91935,1623994f-74a3-4079-9f4a-1e673b7f132e,CONSIG01 - Inventario en consignación,Sin asignar,202507,202510,2.0,1.0,1.0,0.0,completo
01020301,CAMISA MANGA CORTA CAQUI XS,LEKAMP SAS,91944,157bc021-7702-4758-b302-8b8773e9ecf5,CONSIG01 - Inventario en consignación,Sin asignar,202511,202602,4.0,2.0,2.0,0.0,completo
01020402,CAMISA MANGA CORTA GRIS S,LEKAMP SAS,91952,94389cb1-f5ad-40b6-b7ad-81fa6f8fc7f8,CONSIG01 - Inventario en consignación,Sin asignar,202507,202602,2.0,1.0,1.0,0.0,completo
01020501,CAMISA MANGA CORTA VERDE XS,LEKAMP SAS,91958,056cecb0-02ef-4c6d-939d-e6abaf23c9f1,CONSIG01 - Inventario en consignación,Sin asignar,202506,202512,1.0,1.0,1.0,0.0,completo
01020503,CAMISA MANGA CORTA VERDE M,LEKAMP SAS,91960,d9abf418-02ff-400b-a245-a4b66bee9562,CONSIG01 - Inventario en consignación,Sin asignar,202511,202511,2.0,1.0,1.0,0.0,completo
01020504,CAMISA MANGA CORTA VERDE L,LEKAMP SAS,91961,5650132d-4bd2-43e7-9333-ef22f8a43057,CONSIG01 - Inventario en consignación,Sin asignar,202511,202511,2.0,1.0,1.0,0.0,completo
01020505,CAMISA MANGA CORTA VERDE XL,LEKAMP SAS,91962,498fe85e-a361-49ee-a73a-2bcf31354b4e,CONSIG01 - Inventario en consignación,Sin asignar,202511,202511,2.0,1.0,1.0,0.0,completo
01020602,CAMISA MANGA CORTA NEGRA S,LEKAMP SAS,91966,f196c2ef-ebb6-40af-8cad-5a6ad2b14335,CONSIG01 - Inventario en consignación,Sin asignar,202506,202512,1.0,1.0,1.0,0.0,completo
01020702,CAMISA MANGA CORTA CELESTE S,LEKAMP SAS,91972,f2680ff9-7174-4871-a890-bae699f6e644,CONSIG01 - Inventario en consignación,Sin asignar,202507,202510,2.0,1.0,1.0,0.0,completo
01020706,CAMISA MANGA CORTA CELESTE XXL,LEKAMP SAS,91976,32e15150-495e-4643-87da-3730758b8ee0,CONSIG01 - Inventario en consignación,Sin asignar,202506,202512,1.0,1.0,1.0,0.0,completo
1001,SAN JUAN TAFETÁN 15 X 15,ARBIF,23364,8804e84c-9390-45a0-acb8-7ac4e21fe219,CONSIG01 - Inventario en consignación,Sin asignar,202512,202602,3.0,3.0,3.0,0.0,completo
1010603,CAMISA MANGA LARGA NEGRA M,LEKAMP SAS,91914,72cdb6e0-b7f4-4a03-b0c2-49ccec6c030b,CONSIG01 - Inventario en consignación,Sin asignar,202506,202510,1.0,1.0,1.0,0.0,completo
1100,SAN JUAN BARRIL ENEA TRENZA 15X15,ARBIF,139134,a9776825-2e58-4045-a12f-51dca2c6a60c,CONSIG01 - Inventario en consignación,Sin asignar,202512,202512,1.0,1.0,1.0,0.0,completo
1120,SAN JUAN FRUTERO CUADROS 25X12,ARBIF,24062,fd45c596-808c-46da-8f78-cecb71f08623,CONSIG01 - Inventario en consignación,Sin asignar,202509,202512,1.0,1.0,1.0,0.0,completo
1131,SAN JUAN FRUTERO ENEA 35X12,ARBIF,125754,14221a41-e6fb-4307-a2c9-fa6b6cd83ca1,CONSIG01 - Inventario en consignación,Sin asignar,202512,202602,2.0,2.0,2.0,0.0,completo
1140,SAN JUAN FRUTERO NUDOS 25X12,ARBIF,24060,28ba8d1c-542c-4f7c-b82c-971a715b2bee,CONSIG01 - Inventario en consignación,Sin asignar,202509,202512,1.0,1.0,1.0,0.0,completo
1141,SAN JUAN FRUTERO NUDOS 35X12,ARBIF,24063,f890d7e5-e5cf-4ec5-a1ee-4e2bd4ac383b,CONSIG01 - Inventario en consignación,Sin asignar,202512,202512,2.0,2.0,2.0,0.0,completo
1190,SAN JUAN BANDEJA 20X40 MADERA CUADROS,ARBIF,125758,704040f7-e903-4462-83a8-9a4920c633a3,CONSIG01 - Inventario en consignación,Sin asignar,202509,202511,1.0,1.0,1.0,0.0,completo
1192,SAN JUAN BANDEJA 20X40 CUADROS,ARBIF,125759,826deddb-0cdc-4254-8597-5d80250f608e,CONSIG01 - Inventario en consignación,Sin asignar,202512,202602,3.0,2.0,2.0,0.0,completo
12190900000400,BUTACO CUBICO 65 CM SINTETICO,TUCURINCA CONS,77424,9ee89203-14bf-4b60-8fe6-64e4c724f6fe,CONSIG01 - Inventario en consignación,Sin asignar,202504,202506,6.0,3.0,3.0,0.0,completo
13770000000300,LAMPARA MINI ZINTO CORDON CIENAGUERO,TUCURINCA CONS,64264,05c21e77-ab92-4afe-a94a-ced6b8a64332,CONSIG01 - Inventario en consignación,Sin asignar,202503,202503,2.0,2.0,2.0,0.0,completo
15080800000400,MESA BELLAVISTA 50 CM SINTETICO,TUCURINCA CONS,64263,4fd26d5b-739f-4e12-b907-5a71b34be296,CONSIG01 - Inventario en consignación,Sin asignar,202503,202510,4.0,4.0,4.0,0.0,completo
16550000000300,MUEBLE PERCHERO PIO PIO CORDON CIENAGUERO,TUCURINCA CONS,64265,2c96cef9-6086-4925-9d0a-4789a7fdd0cb,CONSIG01 - Inventario en consignación,Sin asignar,202504,202507,3.0,2.0,2.0,0.0,completo
18530000010803,POLTRONA NT [TAPIZADO] ROBLE TELA EXTERIOR CORDON CIENAGUERO,TUCURINCA CONS,64261,19827c3a-ce9d-415b-8b19-d115161703c4,CONSIG01 - Inventario en consignación,Sin asignar,202505,202506,3.0,2.0,2.0,0.0,completo
19701800000400,SILLA TEYUNA SINTETICO BRAZOS TEJIDOS,TUCURINCA,76242,cd7d0ae8-77da-468a-aaae-72d133468886,CONSIG01 - Inventario en consignación,Sin asignar,202501,202502,4.0,4.0,4.0,0.0,completo
199,Cojines en lino con medida de 50x 50 cm,Obra Negra,76959,6953d4d5-7310-4e0e-9a17-ca5bd18b9457,CONSIG01 - Inventario en consignación,Sin asignar,202508,202509,4.0,1.0,1.0,0.0,completo
200408-OS,MATERA ALEM  / CONCRETO OSCURO,FORA,76967,a2f55b09-2d9b-4d34-b4ac-2faef867f161,CONSIG01 - Inventario en consignación,Sin asignar,202502,202502,5.0,4.0,4.0,0.0,completo
200611LUZ,MATERA MAO LISA CONCRETO LUZ,FORA,78362,87bbf280-132d-4c3a-8889-8d362689f877,CONSIG01 - Inventario en consignación,Sin asignar,202506,202506,1.0,1.0,1.0,0.0,completo
201008,MATERA BALAIO ORBIT  / ARENA,FORA,76961,3532802f-292b-4b13-82ba-c24db0a5be1f,CONSIG01 - Inventario en consignación,Sin asignar,202505,202505,2.0,1.0,1.0,0.0,completo
201009-AR,MATERA TARSILA  / ARENA,FORA,76964,337d6ee6-9898-49e8-9134-5e4541afd6b9,CONSIG01 - Inventario en consignación,Sin asignar,202505,202505,2.0,1.0,1.0,0.0,completo
201010,MATERA BALAIO  / CONCRETO OSCRURO,FORA,76962,718d4a1e-244f-43ac-87f0-8919aae2d9d0,CONSIG01 - Inventario en consignación,Sin asignar,202505,202505,2.0,1.0,1.0,0.0,completo
201010-AR,MATERA BALAIO  / ARENA,FORA,76963,3478bef9-6362-448e-b127-b0a40e8ac4e9,CONSIG01 - Inventario en consignación,Sin asignar,202505,202505,2.0,1.0,1.0,0.0,completo
201307OSCURO,DIAMANTE CATTLEYA CONCRETO OSCURO,FORA,78363,505eec55-31b1-477a-a771-61c7acef728a,CONSIG01 - Inventario en consignación,Sin asignar,202512,202512,1.0,1.0,1.0,0.0,completo
2020,BANDEJA PEQUEÑA CAMBUR 30X20X10,ARBIF,29017,0b9ad276-31de-403f-8f04-e0b0c52800ee,CONSIG01 - Inventario en consignación,Sin asignar,202512,202603,2.0,1.0,1.0,0.0,completo
20641800000400,TUMBONA  TUCURINCA BRAZOS TEJIDOS,TUCURINCA CONS,64262,439ba1ce-6696-4fa1-b0c9-c309313f0b46,CONSIG01 - Inventario en consignación,Sin asignar,202502,202503,2.0,2.0,2.0,0.0,completo
300JARRONJARRA,JARRON JARRA,OBRA NEGRA,115137,063d890e-6687-45d2-b4fb-45fdde168a53,CONSIG01 - Inventario en consignación,Sin asignar,202509,202511,2.0,1.0,1.0,0.0,completo
301,JARRON NAN,OBRA NEGRA,91814,4e1abb9d-26e4-496e-9140-2aaabcf3cfa8,CONSIG01 - Inventario en consignación,Sin asignar,202502,202512,1.0,1.0,1.0,0.0,completo
301JARRONPLANO,JARRON PLANO,OBRA NEGRA,115136,f3575ae2-7ff6-466f-905e-a7379837afe8,CONSIG01 - Inventario en consignación,Sin asignar,202509,202509,1.0,1.0,1.0,0.0,completo
302-J,JARRON TERRACOTA,OBRA NEGRA,115138,17af428a-6a55-49ce-8539-dc6fd08980db,CONSIG01 - Inventario en consignación,Sin asignar,202509,202512,1.0,1.0,1.0,0.0,completo
303,JARRON OVALO,OBRA NEGRA,91816,a31de1ac-6045-4362-acea-227822fd70b5,CONSIG01 - Inventario en consignación,Sin asignar,202502,202512,1.0,1.0,1.0,0.0,completo
303JARRONMADRID,JARRON MADRID,OBRA NEGRA,115139,7cd633c9-db3c-4608-9448-7e9703322560,CONSIG01 - Inventario en consignación,Sin asignar,202509,202509,1.0,1.0,1.0,0.0,completo
304-J,JARRON LARGO,OBRA NEGRA,115140,a991d798-b195-46a6-b79f-fded0c094497,CONSIG01 - Inventario en consignación,Sin asignar,202509,202512,1.0,1.0,1.0,0.0,completo
305,JARRON BOMBA,OBRA NEGRA,91818,864d98d7-0ef3-4b8c-8527-e90374fab247,CONSIG01 - Inventario en consignación,Sin asignar,202502,202508,1.0,1.0,1.0,0.0,completo
306-J,JARRON GOTA CON HILO,OBRA NEGRA,115142,1cb9bd23-5e29-4a02-a142-b87cfd50daa4,CONSIG01 - Inventario en consignación,Sin asignar,202509,202512,1.0,1.0,1.0,0.0,completo
307-J,JARRON MOSCU CON HILO,OBRA NEGRA,115143,34d8228b-40e5-4edb-9140-f79d8e8fb43b,CONSIG01 - Inventario en consignación,Sin asignar,202509,202512,2.0,2.0,2.0,0.0,completo
3072,SANDONA 15X15 CUADROS BLANCO Y CAFE,ARBIF,139126,b35290e9-1757-4dfa-8c28-2519853821f8,CONSIG01 - Inventario en consignación,Sin asignar,202512,202602,1.0,1.0,1.0,0.0,completo
308-JARRONOREJASCONHILO,JARRON OREJAS CON HILO,OBRA NEGRA,115135,d80690c1-1804-4cc4-b28b-2f0eef2c7b9b,CONSIG01 - Inventario en consignación,Sin asignar,202509,202509,1.0,1.0,1.0,0.0,completo
3183,VISERA SANDONA BEIGE,ARBIF,125772,d84969ac-5425-4268-aba5-4a55568bfd5d,CONSIG01 - Inventario en consignación,Sin asignar,202509,202511,2.0,1.0,1.0,0.0,completo
3202,SANDONA FRUTERO VINOTINTO Y BLANCO,ARBIF,125775,2a734b6a-cd4d-40a4-be70-8bc611e8295f,CONSIG01 - Inventario en consignación,Sin asignar,202509,202512,1.0,1.0,1.0,0.0,completo
3203,SANDONA FRUTERO CAFÉ Y BLANCO,ARBIF,125776,cba2d014-b7f4-49b1-ab6a-fa66086f3c8e,CONSIG01 - Inventario en consignación,Sin asignar,202509,202512,1.0,1.0,1.0,0.0,completo
4002,BARI 15X15 MORENO TINTURADO,ARBIF,125799,7c9fb238-6cfd-4027-88bb-f884177df018,CONSIG01 - Inventario en consignación,Sin asignar,202509,202511,1.0,1.0,1.0,0.0,completo
4003,BARI 15X15 MORENO NATURAL,ARBIF,29014,d765bced-e77b-474d-8d21-308048cb6c29,CONSIG01 - Inventario en consignación,Sin asignar,202512,202512,2.0,2.0,2.0,0.0,completo
4031,BARI 15X15 MORENO NATURAL Y BLANCO,ARBIF,63749,d541b06e-7fef-4058-ac8d-bd9ef7b54e10,CONSIG01 - Inventario en consignación,Sin asignar,202512,202602,2.0,2.0,2.0,0.0,completo
4626,BARI MOCHILA ABANICO MORENO NATURAL,ARBIF,125807,bb50b0d0-103d-4ebd-955a-8219fb7abaa2,CONSIG01 - Inventario en consignación,Sin asignar,202509,202602,1.0,1.0,1.0,0.0,completo
4627,BARI MOCHILA ABANICO VERDE OLIVO,ARBIF,125813,4e98e2ca-81d5-4a15-91e4-2a665cc1849a,CONSIG01 - Inventario en consignación,Sin asignar,202509,202512,1.0,1.0,1.0,0.0,completo
4633,BARI MOCHILA ABANICO MORENO TINTURADO Y DORADO,ARBIF,125810,9ad23489-7fae-48bb-ba44-2e086b9a22ad,CONSIG01 - Inventario en consignación,Sin asignar,202512,202512,2.0,2.0,2.0,0.0,completo
4634,BARI MOCHILA ABANICO OCRE Y DORADO,ARBIF,125809,669dfb57-9233-4b80-a378-6df0e52d2352,CONSIG01 - Inventario en consignación,Sin asignar,202512,202512,2.0,2.0,2.0,0.0,completo
4635,BARI MOCHILA ABANICO OCRE,ARBIF,125812,f4cdce29-a391-4343-a8e3-6042b6ad3c20,CONSIG01 - Inventario en consignación,Sin asignar,202509,202512,1.0,1.0,1.0,0.0,completo
4646,BARI MOCHILA CILINDRO MORENO TINTURADO Y DORADO,ARBIF,125805,6ed5a94b-c3ea-42a3-92fc-9e74d7b3ad4a,CONSIG01 - Inventario en consignación,Sin asignar,202512,202602,2.0,2.0,2.0,0.0,completo
4647,BARI MOCHILA CILINDRO OCRE Y DORADO,ARBIF,125806,46c26484-97a7-480c-bee7-8380042020d2,CONSIG01 - Inventario en consignación,Sin asignar,202512,202512,2.0,2.0,2.0,0.0,completo
4649,BARI MOCHILA CILINDRO VINOTINTO OSCURO,ARBIF,125802,4098e398-0730-44ff-96ec-fa8bebab9d25,CONSIG01 - Inventario en consignación,Sin asignar,202509,202512,1.0,1.0,1.0,0.0,completo
4663-B,BARI 15X15 VERDE OLIVO,ARBIF,139130,8a3a7fdb-0dde-44e0-9dc0-0e8479774999,CONSIG01 - Inventario en consignación,Sin asignar,202512,202512,1.0,1.0,1.0,0.0,completo
4801,BARI PANERA CON TAPA VERDE OLIVO,ARBIF,125777,d6597c00-4ede-4ef4-8b37-769331fce779,CONSIG01 - Inventario en consignación,Sin asignar,202509,202512,1.0,1.0,1.0,0.0,completo
4822,BARI PANERA GRANDE CAFE,ARBIF,62092,ff9c2ec8-83ee-40f7-bd8a-b9787f2a63db,CONSIG01 - Inventario en consignación,Sin asignar,202509,202512,1.0,1.0,1.0,0.0,completo
4845,BARI PANERA PEQUEÑA VERDE OLIVO,ARBIF,125781,3b055681-8fa1-4e7d-be8c-b4ecd8385674,CONSIG01 - Inventario en consignación,Sin asignar,202509,202512,1.0,1.0,1.0,0.0,completo
4899,BARI SERVILLETERO MORENO NATURAL,ARBIF,23396,86d3cfc5-6427-4e68-95a4-8ed3ff3a559e,CONSIG01 - Inventario en consignación,Sin asignar,202512,202602,24.0,12.0,12.0,0.0,completo
4900,BARI INDIVIDUAL ABANICO OCRE Y MORENO NAT,ARBIF,23392,4bae9cbd-bb21-49b0-9b83-6a7211726ba7,CONSIG01 - Inventario en consignación,Sin asignar,202512,202603,12.0,10.0,10.0,0.0,completo
4903,BARI INDIVIDUAL ABANICO MORENO NATURAL,ARBIF,23393,322a78de-a809-4a9e-9464-5e2a9b00571f,CONSIG01 - Inventario en consignación,Sin asignar,202509,202602,8.0,2.0,2.0,0.0,completo
4904,BARI INDIVIDUAL ABANICO AZUL M,ARBIF,125798,3999145a-7699-473f-b844-248d60230eaa,CONSIG01 - Inventario en consignación,Sin asignar,202512,202602,12.0,6.0,6.0,0.0,completo
4940,BARI INDIVIDUAL TRENZA OCRE,ARBIF,125787,80943c41-0aa8-4391-9e5f-6880b35dcf72,CONSIG01 - Inventario en consignación,Sin asignar,202509,202509,4.0,3.0,3.0,0.0,completo
4941,BARI INDIVIDUAL TRENZA AZUL,ARBIF,125788,d7981e94-d29f-4da7-bd75-fbc9a6481527,CONSIG01 - Inventario en consignación,Sin asignar,202509,202512,12.0,4.0,4.0,0.0,completo
4942,BARI INDIVIDUAL TRENZA MORENO NATURAL,ARBIF,125789,75c6bd9a-f4f3-4eb0-bcc7-d3822fd5fe87,CONSIG01 - Inventario en consignación,Sin asignar,202512,202512,18.0,3.0,3.0,0.0,completo
4943,BARI INDIVIDUAL TRENZA VERDE OLIVO,ARBIF,23390,502544e0-5ae8-4cd5-8856-9464eddee9a9,CONSIG01 - Inventario en consignación,Sin asignar,202512,202512,14.0,4.0,4.0,0.0,completo
4960,BARI INDIVIDUAL FLECOS VERDE,ARBIF,23388,de6b6396-ba1b-4ec1-813e-a95e28b0798d,CONSIG01 - Inventario en consignación,Sin asignar,202509,202602,10.0,10.0,10.0,0.0,completo
4996,BARI PORTAVASOS TRENZA AZUL M,ARBIF,139120,bf567c09-a302-4a33-9228-a7e108530717,CONSIG01 - Inventario en consignación,Sin asignar,202512,202512,6.0,6.0,6.0,0.0,completo
601,VELA GRANDE RAYAS,OBRA NEGRA,139767,99c00594-b112-4365-92c9-d6c5cd9b2d93,CONSIG01 - Inventario en consignación,Sin asignar,202512,202602,4.0,2.0,2.0,0.0,completo
602,VELA PEQUEÑA RAYAS,OBRA NEGRA,139768,f4c847c7-c0da-42c3-85c7-b9d196cb8137,CONSIG01 - Inventario en consignación,Sin asignar,202512,202602,4.0,2.0,2.0,0.0,completo
603,VELA CIRCULAR,OBRA NEGRA,139769,8f7999ba-7655-4517-bbe6-6c233aa0fa85,CONSIG01 - Inventario en consignación,Sin asignar,202512,202602,4.0,2.0,2.0,0.0,completo
ACC056,Apagavelas Negro Mate,HILALMA,29886,a3267fcc-daed-4cf9-b094-7b1225ae4fc0,CONSIG01 - Inventario en consignación,Sin asignar,202507,202602,3.0,2.0,2.0,0.0,completo
ACC058,Encendedor - Negro Mate,HILALMA,29899,8bcf6a79-cd4c-45ec-a110-6983aac9eb07,CONSIG01 - Inventario en consignación,Sin asignar,202505,202602,1.0,1.0,1.0,0.0,completo
ACEINIE,Aceitero Nieve,VERDE NEGRO,40756,8d6d830b-dfa2-4366-a811-ecbdf9858222,CONSIG01 - Inventario en consignación,Sin asignar,202501,202602,2.0,1.0,1.0,0.0,completo
AD003,PULSERA GEO,FENOMENA,91983,f80ad6ef-77b3-44b8-9051-82c06cc3a5dd,CONSIG01 - Inventario en consignación,Sin asignar,202506,202510,1.0,1.0,1.0,0.0,completo
AD023,Aceite Difusor 30 mL - Playa Bonita,HILALMA,29875,9a30410a-2f39-48cd-b292-34fd4224d31e,CONSIG01 - Inventario en consignación,Sin asignar,202510,202601,6.0,3.0,3.0,0.0,completo
AD024,Aceite Difusor 30 mL - Palma Real,HILALMA,29874,c5049dc0-c462-437b-ab77-3c351df4e945,CONSIG01 - Inventario en consignación,Sin asignar,202510,202602,5.0,3.0,3.0,0.0,completo
AD025,Aceite Difusor 30 mL - Dulce de Vainilla,HILALMA,29870,ff7b3a73-358b-4524-9c36-5e60db8a1d9d,CONSIG01 - Inventario en consignación,Sin asignar,202510,202602,2.0,2.0,2.0,0.0,completo
AD026,Aceite Difusor 30 mL - Granada,HILALMA,29871,030b8a23-bc23-480f-9443-f967c8ec5baf,CONSIG01 - Inventario en consignación,Sin asignar,202510,202602,4.0,1.0,1.0,0.0,completo
AD027,Aceite Difusor 30 mL - Noches Serenas,HILALMA,29873,459c869a-437b-4d46-9257-736800a7b17b,CONSIG01 - Inventario en consignación,Sin asignar,202510,202510,7.0,3.0,3.0,0.0,completo
AD028,Aceite Difusor 30 mL - Watermelon Sugar,HILALMA,29876,5d38f5b3-167a-47dc-8f27-4c88e7000d0c,CONSIG01 - Inventario en consignación,Sin asignar,202510,202602,3.0,3.0,3.0,0.0,completo
AD029,Aceite Difusor 30 mL - Jardín Rosé,HILALMA,29872,8557fca8-0f10-479b-9346-fedcf297d851,CONSIG01 - Inventario en consignación,Sin asignar,202510,202602,2.0,2.0,2.0,0.0,completo
AD030,Aceite Difusor 30 mL - Amare,HILALMA,29869,cf435dd6-f4ff-429c-8d46-ca0154e3a7ad,CONSIG01 - Inventario en consignación,Sin asignar,202507,202510,4.0,1.0,1.0,0.0,completo
AD052,COLLAR GEO CHARM,FENOMENA,91984,68c8230a-d9cd-4e79-be6d-84ce7553770d,CONSIG01 - Inventario en consignación,Sin asignar,202506,202510,1.0,1.0,1.0,0.0,completo
AD102,Aceite Difusor 30 mL - Alma de Oriente,HILALMA,103334,8682af4c-2d93-4c6b-91fa-2045dc9370c7,CONSIG01 - Inventario en consignación,Sin asignar,202507,202602,8.0,5.0,5.0,0.0,completo
AD103,Aceite Difusor 30 mL - Ambar de Nuit,HILALMA,103335,b5a317b5-2de2-4a05-98f2-5e0e93cf1218,CONSIG01 - Inventario en consignación,Sin asignar,202507,202510,8.0,1.0,1.0,0.0,completo
ADL250MLPB,Agua de linos 250 mL - Playa Bonita,HILALMA,29884,27d35f12-6d7a-4465-a0a8-9a8eb3336f75,CONSIG01 - Inventario en consignación,Sin asignar,202505,202507,5.0,5.0,5.0,0.0,completo
AH-BEN-OO1,Bendición del Hogar,ABITA,24557,8f856d43-64e4-4a1c-82f6-a4657f564067,CONSIG01 - Inventario en consignación,Sin asignar,202511,202602,13.0,11.0,11.0,0.0,completo
AHD-AROMA-01,JABÓN DE MANOS & CUERPO ALELÍ 500 ML,ALELI HD,62837,090bfc2c-0e80-4c7d-952e-87be61947e0f,CONSIG01 - Inventario en consignación,Sin asignar,202510,202603,29.0,21.0,21.0,0.0,completo
AHD-AROMA-04,DISFUSOR DE AROMA PARA EL HOGAR,ALELI HD,62839,4e2441fa-f89a-4dc3-af36-5bcf73c13305,CONSIG01 - Inventario en consignación,Sin asignar,202505,202509,15.0,11.0,11.0,0.0,completo
AHD-PF-02,PUFF SILO CON APLIQUE EN CUERO,ALELI,79908,2ccc3f6e-1480-4717-bfb6-9ea54c79eb74,CONSIG01 - Inventario en consignación,Sin asignar,202507,202507,4.0,2.0,2.0,0.0,completo
AHD-RSN-01,CAJA DE TÉ PROTEA,ALELI HD,62843,2fa5f57d-5a60-4fea-b0a1-3f8e37918c70,CONSIG01 - Inventario en consignación,Sin asignar,202502,202505,1.0,1.0,1.0,0.0,completo
ALM.BUSRAYA-ADULT.HM,BUZO CERRADO DE RAYAS TEJIDO HOMBRE TALLA M,ALMENDRA,126998,193f64f5-8afc-4d2f-8ecd-07b3ee672780,CONSIG01 - Inventario en consignación,Sin asignar,202603,202601,1.0,1.0,1.0,0.0,completo
ALM.CAJA,CAJA REGALO ALMENDRA,ALMENDRA,27000,c5f5fd7d-3004-4c92-b551-8ca356c2d5e5,CONSIG01 - Inventario en consignación,Sin asignar,202603,202603,3.0,1.0,1.0,0.0,completo
ALM.SETNEWB,SET NEW BORN 0-12 M,ALMENDRA,126994,1d163520-0522-4662-b355-a30d282d7bd0,CONSIG01 - Inventario en consignación,Sin asignar,202603,202511,4.0,1.0,1.0,0.0,completo
ALM.SONA-OSO,SONAJERO OSO CROCHET,ALMENDRA,26995,1534d155-eaae-4dbc-8aab-95fd57e58d1e,CONSIG01 - Inventario en consignación,Sin asignar,202603,202512,4.0,3.0,3.0,0.0,completo
ANILAGO,Anillo Lago,VERDE NEGRO,77173,b8194559-e9d2-4039-a9f2-4bba6a0d5f41,CONSIG01 - Inventario en consignación,Sin asignar,202508,202508,2.0,1.0,1.0,0.0,completo
ANILLONIEVE,ANILLO NIEVE,VERDE NEGRO,115068,fffb07d5-828e-4991-8580-d5d9ada46517,CONSIG01 - Inventario en consignación,Sin asignar,202508,202509,1.0,1.0,1.0,0.0,completo
ANILLPANT,Anillo Pantano,VERDE NEGRO,77174,2e72825b-f8b7-4e18-a50e-d982cd151677,CONSIG01 - Inventario en consignación,Sin asignar,202508,202512,2.0,2.0,2.0,0.0,completo
AQ001-T5,ANILLO AMELIA - T5,FENOMENA,103550,082a556e-e367-4ac0-b9e9-7e441c40ce58,CONSIG01 - Inventario en consignación,Sin asignar,202506,202510,1.0,1.0,1.0,0.0,completo
AQ001-T6,ANILLO AMELIA,FENOMENA,103361,2d2e194f-a7a4-4328-961c-f04246b34924,CONSIG01 - Inventario en consignación,Sin asignar,202506,202510,1.0,1.0,1.0,0.0,completo
AQ012,EARCUFF MINI MOSAICO,FENOMENA,91985,ff9e032e-3555-4213-8730-908c562ae697,CONSIG01 - Inventario en consignación,Sin asignar,202512,202512,5.0,1.0,1.0,0.0,completo
AQ014,EARCUFF MOSAICO MED/EARRINGS/ARETES,FENOMENA,63258,f5d203c8-68ab-4132-865f-e15e9a9122c1,CONSIG01 - Inventario en consignación,Sin asignar,202502,202503,1.0,1.0,1.0,0.0,completo
AQ017C,TOPOS TENIS MEDIO CON CADENA,FENOMENA,63259,063764ee-7ac1-4b7e-9d1a-9faf68306aad,CONSIG01 - Inventario en consignación,Sin asignar,202506,202512,1.0,1.0,1.0,0.0,completo
AQ022,CANDONGAS TENNIS/ EARRINGS/ARETES,FENOMENA,63261,bd5aaec8-762d-4d27-b3c1-456ff1e4dc91,CONSIG01 - Inventario en consignación,Sin asignar,202512,202512,2.0,2.0,2.0,0.0,completo
AQ023,ARETES TENNIS UNIESMERALDA,FENOMENA,91986,6edab151-daaa-4ef9-89b7-a6eb54f90766,CONSIG01 - Inventario en consignación,Sin asignar,202512,202512,5.0,3.0,3.0,0.0,completo
AQ023C,TOPOS UNI CON CADENA/EARRINGS/ARETES,FENOMENA,63262,eb0f2c4b-f60b-47b8-9404-fc2d104581d7,CONSIG01 - Inventario en consignación,Sin asignar,202506,202512,2.0,2.0,2.0,0.0,completo
AQ12,EARCUFF MIN MOSAICO/EARCUFF/ARETES,FENOMENA,63257,7598ddd9-9397-47af-9818-61a43ceca843,CONSIG01 - Inventario en consignación,Sin asignar,202504,202510,1.0,1.0,1.0,0.0,completo
BANA1.2M,BANCA AICHUCHI [1.2M] CORDON CIENAGUERO,TUCURINCA CONS,64266,e2249b83-39f4-4132-84aa-acdba4eeef88,CONSIG01 - Inventario en consignación,Sin asignar,202504,202505,4.0,4.0,4.0,0.0,completo
BANDEJAMADERAREDONDA18CM,BANDEJA MADERA REDONDA 18CM,KALA Y GRECO,114703,8291b85f-8a0c-49ae-92fb-cfe7b94e5b54,CONSIG01 - Inventario en consignación,Sin asignar,202508,202512,1.0,1.0,1.0,0.0,completo
BCC03U,Blusa Cruzada Clara Habano,PI AND GAMA,150365,8b4be4c7-4f8e-4b9b-a4df-0dc2505aaf10,CONSIG01 - Inventario en consignación,Sin asignar,202602,202602,1.0,1.0,1.0,0.0,completo
BIFLOC,BARI INDIVIDUAL FLECOS OCRE,ARBIF,24078,8a202e01-6c01-45ce-8ee0-fbb28c3e62c9,CONSIG01 - Inventario en consignación,Sin asignar,202510,202510,16.0,4.0,4.0,0.0,completo
BOUQUETGRANDE,BOUQUET GRANDE NAVIDAD,SANTACOLOMAS,139183,6fcf1767-4f5a-4bc5-9337-7ee8290900e8,CONSIG01 - Inventario en consignación,Sin asignar,202512,202512,4.0,4.0,4.0,0.0,completo
BOUQUETMEDIANON,BOUQUET MEDIANO NAVIDAD,SANTACOLOMO,139184,b9fdb754-5431-4b18-831d-4682efdc8374,CONSIG01 - Inventario en consignación,Sin asignar,202512,202512,8.0,5.0,5.0,0.0,completo
BUTC65CMEA,BUTACO CUBICO 65 CM  EN ARTESANO,TUCURINCA CONS,64267,128dbd8f-8c40-4cde-97b8-4c7c004a48fa,CONSIG01 - Inventario en consignación,Sin asignar,202502,202502,2.0,2.0,2.0,0.0,completo
BUZOENLANA2,BUZO EN LANA TALLA 2 AÑO,ALMENDRA,26994,5ededaa2-5e07-4231-98b0-34b30af2aab1,CONSIG01 - Inventario en consignación,Sin asignar,202510,202601,4.0,1.0,1.0,0.0,completo
C1032E001,ARETES 1032 MINI HOOPS,FENOMENA,91987,640f9f72-ba72-4782-8a21-91c1e30cb51b,CONSIG01 - Inventario en consignación,Sin asignar,202506,202510,1.0,1.0,1.0,0.0,completo
C1032E004,XS 1032 HOOPS,FENOMENA,139282,78275c02-1e31-4a95-8939-48dce8afa711,CONSIG01 - Inventario en consignación,Sin asignar,202512,202512,3.0,1.0,1.0,0.0,completo
C1032E00GA,EARCUFF SENCILLO ROSADO/EARRINGS/ARETES,FENOMENA,63265,46356739-45ad-4deb-b0e4-5a7ecab025fc,CONSIG01 - Inventario en consignación,Sin asignar,202504,202504,3.0,3.0,3.0,0.0,completo
C1032E00Z,EARCUFF SENCILLO AZUL/EARRINGS/ARETES,FENOMENA,63266,667997d6-db61-4ed8-95c2-305d4513d086,CONSIG01 - Inventario en consignación,Sin asignar,202504,202504,2.0,2.0,2.0,0.0,completo
CAJAFOSF,CAJA DE FOSFOROS BROMELIA,ESCRIBANA,79967,dbff5f61-2f45-4b52-b62e-b4f0c02fb370,CONSIG01 - Inventario en consignación,Sin asignar,202506,202506,1.0,1.0,1.0,0.0,completo
CAJAFOSFPROTEA,CAJA DE FOSFOROS PROTEA,ESCRIBANA,79969,886bfc51-5335-4cf7-b69b-b55cf3a226b0,CONSIG01 - Inventario en consignación,Sin asignar,202506,202506,1.0,1.0,1.0,0.0,completo
CAJAFOSJAG,CAJA DE FOSFOROS JAGUAR,ESCRIBANA,79968,a928478b-dd4b-4ae7-9cea-3bbbf1c83eff,CONSIG01 - Inventario en consignación,Sin asignar,202506,202506,1.0,1.0,1.0,0.0,completo
CAM092,Campanas,HILALMA,30052,f1f9d8f5-21cc-481a-8030-67dfb46c7fee,CONSIG01 - Inventario en consignación,Sin asignar,202508,202602,6.0,3.0,3.0,0.0,completo
CAMINOCARIBE200X42CMS,CAMINO DE MESA CARIBE 200 X 42 CMS,ABITA,127732,8121b2fe-33b0-4b95-9c47-1a973096a258,CONSIG01 - Inventario en consignación,Sin asignar,202511,202512,1.0,1.0,1.0,0.0,completo
CAMINODANCING,Camino Dancing Queen 150x42,ABITA,77353,a334e764-4091-45ad-9f42-be8b508c237e,CONSIG01 - Inventario en consignación,Sin asignar,202502,202509,1.0,1.0,1.0,0.0,completo
CAMINOFRIDA,Camino Frida 200x42,ABITA,77352,ae33641a-987e-4f4f-9290-dd43eb432b27,CONSIG01 - Inventario en consignación,Sin asignar,202502,202510,1.0,1.0,1.0,0.0,completo
CAMINOIBIZA,Camino Ibiza 150x42,ABITA,77351,21020b46-9643-4159-b0fc-4b833bed0f7d,CONSIG01 - Inventario en consignación,Sin asignar,202502,202510,1.0,1.0,1.0,0.0,completo
CAMMWINTERDREAM,CAMINO DE MESA WINTER DREAM 150 X 42 CMS,ABITA,127731,37b185e1-f233-432e-bb68-4e87baef1e1c,CONSIG01 - Inventario en consignación,Sin asignar,202511,202511,1.0,1.0,1.0,0.0,completo
CAMSN150*42,CAMINO SELVA NEGRA 150 X 42,ABITA,26360,67da2d60-76c4-4a8f-9476-256b9fca443c,CONSIG01 - Inventario en consignación,Sin asignar,202508,202508,1.0,1.0,1.0,0.0,completo
CAMSUGAN,CAMINO SUGAR ANT 150*42,ABITA,62076,fc82c6b0-274f-4a4d-9f60-b33326d0555f,CONSIG01 - Inventario en consignación,Sin asignar,202506,202601,1.0,1.0,1.0,0.0,completo
CAMTHEBET,CAMINO 250*67 THE BEATLES,ABITA,62072,a4ea2a49-5c86-49fb-8b2b-21e73a786118,CONSIG01 - Inventario en consignación,Sin asignar,202506,202510,1.0,1.0,1.0,0.0,completo
CANDHOR,CANDELABRO HORIZONTAL,ELSA URIBE,80180,8f4ea0d6-4943-4f2e-9a82-41e356dc94ad,CONSIG01 - Inventario en consignación,Sin asignar,202510,202602,1.0,1.0,1.0,0.0,completo
CARTAV,CARTUCHERA AVIARIO,ESCRIBANA,51095,cc06211e-da03-45ec-8f81-6bf913d5f63c,CONSIG01 - Inventario en consignación,Sin asignar,202507,202507,1.0,1.0,1.0,0.0,completo
CE-VE-20-NA-SE-03,SETX 3 VELAS 20 CM,ZORRO Y JAGUAR,77312,22fbd4fc-a4bf-4d85-8d7c-5434310e9f87,CONSIG01 - Inventario en consignación,Sin asignar,202502,202512,3.0,2.0,2.0,0.0,completo
CFORE,CAMINO FOREST 150 X 42,ABITA,23466,6ead85c2-7f3b-4062-bdaa-8d2bd3563a76,CONSIG01 - Inventario en consignación,Sin asignar,202508,202512,1.0,1.0,1.0,0.0,completo
CHPLA007,Gafas de Sol Chelsea Jupiter Lente Café,SAJU,63877,6d9e31d1-1e69-4330-bb9e-c194fc7be675,CONSIG01 - Inventario en consignación,Sin asignar,202510,202512,1.0,1.0,1.0,0.0,completo
CHPLA015P,GAFAS DE PANTALLA CHELSEA MIDNIGHT GREEN,SAJU,126852,aecf080d-f2d0-4313-9b08-af03ce090e5d,CONSIG01 - Inventario en consignación,Sin asignar,202510,202510,1.0,1.0,1.0,0.0,completo
CHPLA016,Gafas de Sol Chelsea Dark Chocolate Lente Café,SAJU,76920,e6581916-65bd-4a9d-8a13-085764950090,CONSIG01 - Inventario en consignación,Sin asignar,202506,202510,2.0,1.0,1.0,0.0,completo
CLMF008,MICRO SQUARED HOOPS,FENOMENA,79938,744d6cf7-3838-4f83-b1bb-0cc9505d3ab5,CONSIG01 - Inventario en consignación,Sin asignar,202512,202602,6.0,5.0,5.0,0.0,completo
CLPF008,MINI SQUARED HOOPS,FENOMENA,139279,4ea57b84-4c67-4ec1-a6b9-3193acbccccd,CONSIG01 - Inventario en consignación,Sin asignar,202512,202603,3.0,3.0,3.0,0.0,completo
COJ-4,COJIN DECORATIVO DE 50 X 35,ALELI HD,79905,0ac92014-d82a-47db-82a5-fcf003858d64,CONSIG01 - Inventario en consignación,Sin asignar,202505,202601,5.0,5.0,5.0,0.0,completo
COJ-5,COJIN DECORATIVO DE 50 X 50,ALELI,79909,14af3266-2ed9-468e-bcef-8c46236dc588,CONSIG01 - Inventario en consignación,Sin asignar,202508,202508,14.0,4.0,4.0,0.0,completo
COJ-9,COJIN DECORATIVO DE 70*35,ALELI,79906,96876f80-7114-4aa0-8479-dc6e405f6e40,CONSIG01 - Inventario en consignación,Sin asignar,202508,202508,4.0,3.0,3.0,0.0,completo
COJINLLONABEIGE,COJIN ILONA BEIGE,ABITA,126206,16394847-9368-4a7f-bc45-8be19084a5a2,CONSIG01 - Inventario en consignación,Sin asignar,202509,202509,1.0,1.0,1.0,0.0,completo
COJINLLONANEGRO,COJIN ILONA NEGRO,ABITA,126203,092eb8aa-023f-43a8-9c3c-e105fa189e47,CONSIG01 - Inventario en consignación,Sin asignar,202509,202511,1.0,1.0,1.0,0.0,completo
CRMD001,COLLAR RECTO CON 1 MODULO,FENOMENA,114825,a2375d59-ed41-4c37-9bb5-ea0dbefd8421,CONSIG01 - Inventario en consignación,Sin asignar,202508,202510,1.0,1.0,1.0,0.0,completo
CTAE002,IRIS TRIPLE EARRING GRANATE RUBI ESMERALDA,FENOMENA,63269,53001255-db53-4eee-a71c-292d80093e43,CONSIG01 - Inventario en consignación,Sin asignar,202504,202504,1.0,1.0,1.0,0.0,completo
CaminoCaribe150x42,Camino Caribe 150x42,ABITA,102770,58f4d27c-91fe-4fa3-be5c-a95fc405924f,CONSIG01 - Inventario en consignación,Sin asignar,202506,202510,1.0,1.0,1.0,0.0,completo
CaminoCaribe250x67,Camino Caribe 250x67,ABITA,80716,f8710f98-24db-4817-9740-a5230245b190,CONSIG01 - Inventario en consignación,Sin asignar,202505,202510,1.0,1.0,1.0,0.0,completo
CaminoMakao150x42,Camino Makao 150x42,ABITA,102771,3cfef61b-c45f-45b1-84f7-872e861bb339,CONSIG01 - Inventario en consignación,Sin asignar,202506,202510,1.0,1.0,1.0,0.0,completo
Caminochapolera200x42,Camino Chapolera 200x42,ABITA,80710,93820ffd-3add-4d4e-ac7b-494a607132e4,CONSIG01 - Inventario en consignación,Sin asignar,202505,202510,1.0,1.0,1.0,0.0,completo
CojinUmaNegro35x55,Cojin Uma Negro 35x55,ABITA,102780,47a049ae-ab99-4fa4-af1d-4a044c94fb8a,CONSIG01 - Inventario en consignación,Sin asignar,202506,202510,1.0,1.0,1.0,0.0,completo
ColganteLianaBeige,Colgante Liana Beige,ABITA,102777,62d5a566-b9a6-46a8-93a5-80b21eec0e45,CONSIG01 - Inventario en consignación,Sin asignar,202506,202512,1.0,1.0,1.0,0.0,completo
ColganteLianaTerracota,Colgante Liana Terracota,ABITA,102776,5c793a62-96d3-423b-9527-aa79bb25ce23,CONSIG01 - Inventario en consignación,Sin asignar,202506,202512,1.0,1.0,1.0,0.0,completo
ColganteLianaVerde,Colgante Liana Verde,ABITA,102775,9307c58c-9eb4-463f-9913-1e70b7f8d6e9,CONSIG01 - Inventario en consignación,Sin asignar,202506,202512,1.0,1.0,1.0,0.0,completo
ColganteTasselVerdeOliva,Colgante Tassel Verde Oliva,ABITA,102778,d63bcaec-bc5d-462c-af59-54a8e5a6fb3f,CONSIG01 - Inventario en consignación,Sin asignar,202506,202512,1.0,1.0,1.0,0.0,completo
DN009,HUDSON MUSE RING,FENOMENA,77456,cef1472e-c4fc-43bb-b1ef-aa4b22bf7c19,CONSIG01 - Inventario en consignación,Sin asignar,202501,202512,1.0,1.0,1.0,0.0,completo
DN027,HUDSON DROPS EARRINGS,FENOMENA,139231,1d78c0b8-aa99-46d8-8d61-6c7eeb8c7ec9,CONSIG01 - Inventario en consignación,Sin asignar,202512,202512,1.0,1.0,1.0,0.0,completo
DN030,HAVANA GLOW STUDTS,FENOMENA,63925,558ce318-1cc6-484f-895b-ef9084db2a39,CONSIG01 - Inventario en consignación,Sin asignar,202504,202504,1.0,1.0,1.0,0.0,completo
DV100MLAM,Difusor Varitas 100 mL - Amare,HILALMA,29890,910a53b9-ebe8-41d2-9ae4-269fc46fad14,CONSIG01 - Inventario en consignación,Sin asignar,202503,202507,2.0,2.0,2.0,0.0,completo
DV100MLPR,Difusor Varitas 100 mL - Palma Real,HILALMA,29896,6490c243-990f-4cf7-9dca-f988632bd774,CONSIG01 - Inventario en consignación,Sin asignar,202508,202509,3.0,1.0,1.0,0.0,completo
ECE002A,COLLAR LETRAS/NECKLACE/COLLAR A,FENOMENA,63271,17f3e7ce-c963-45cb-8b4a-3bd2a6137548,CONSIG01 - Inventario en consignación,Sin asignar,202512,202602,11.0,6.0,6.0,0.0,completo
ECE002C,COLLAR LETRAS/NECKLACE/COLLAR C,FENOMENA,63290,e55b94ea-058b-4a94-bfa7-74b78ce85188,CONSIG01 - Inventario en consignación,Sin asignar,202510,202601,5.0,2.0,2.0,0.0,completo
ECE002D,COLLAR LETRAS/NECKLACE/COLLAR D,FENOMENA,63287,0abda3b6-6154-4962-9c6c-920772528620,CONSIG01 - Inventario en consignación,Sin asignar,202506,202602,6.0,4.0,4.0,0.0,completo
ECE002E,COLLAR LETRAS/NECKLACE/COLLAR E,FENOMENA,63283,bb120c60-7e9d-40ed-83b7-0a130980d4bf,CONSIG01 - Inventario en consignación,Sin asignar,202510,202510,4.0,2.0,2.0,0.0,completo
ECE002F,COLLAR LETRAS/NECKLACE/COLLAR F,FENOMENA,63280,d705027f-b065-410a-b279-1b3d90d21164,CONSIG01 - Inventario en consignación,Sin asignar,202510,202510,3.0,1.0,1.0,0.0,completo
ECE002J,COLLAR LETRAS/NECKLACE/COLLAR J,FENOMENA,63276,4c2c5949-b5dc-4fb4-9763-f2633ce1ed46,CONSIG01 - Inventario en consignación,Sin asignar,202508,202508,3.0,1.0,1.0,0.0,completo
ECE002L,COLLAR LETRAS/NECKLACE/COLLAR L,FENOMENA,63274,09c05e8e-7e33-47dc-9242-1cba8b6636f7,CONSIG01 - Inventario en consignación,Sin asignar,202512,202602,5.0,2.0,2.0,0.0,completo
ECE002M,COLLAR LETRAS/NECKLACE/COLLAR M,FENOMENA,63282,933cf9c7-a97a-460c-a069-58d20a54e0c4,CONSIG01 - Inventario en consignación,Sin asignar,202508,202512,11.0,11.0,11.0,0.0,completo
ECE002O,COLLAR LETRAS/NECKLACE/COLLAR O,FENOMENA,63272,ea8f1744-d6aa-46ef-a5c4-65a559fa9911,CONSIG01 - Inventario en consignación,Sin asignar,202506,202510,3.0,1.0,1.0,0.0,completo
ECE002P,COLLAR LETRAS/NECKLACE/COLLAR P,FENOMENA,63285,7324b142-38a7-486c-a5e4-13414b0b4164,CONSIG01 - Inventario en consignación,Sin asignar,202506,202510,4.0,1.0,1.0,0.0,completo
ECE002S,COLLAR LETRAS/NECKLACE/COLLAR S,FENOMENA,63291,acaa4cc5-e26f-4f60-8186-4655483fdd47,CONSIG01 - Inventario en consignación,Sin asignar,202506,202510,8.0,6.0,6.0,0.0,completo
ECE002T,COLLAR LETRAS/NECKLACE/COLLAR T,FENOMENA,63289,dd6b9386-7bc6-4678-95bf-c124becb4534,CONSIG01 - Inventario en consignación,Sin asignar,202512,202512,4.0,1.0,1.0,0.0,completo
EMBDE,Embudo Desierto,VERDE NEGRO,40759,48701ed0-40e2-475e-9b4e-aa0469649f03,CONSIG01 - Inventario en consignación,Sin asignar,202511,202511,1.0,1.0,1.0,0.0,completo
EMBFLORLAG,Embudo Flor Lago,VERDE NEGRO,77176,55178875-dc3a-4098-a537-89988b61feae,CONSIG01 - Inventario en consignación,Sin asignar,202508,202602,2.0,2.0,2.0,0.0,completo
EMBFLORPAN,Embudo Flor Pantano,VERDE NEGRO,77175,573d8356-cc82-478e-8b16-4e6aa74ee306,CONSIG01 - Inventario en consignación,Sin asignar,202502,202507,1.0,1.0,1.0,0.0,completo
EMBLAG,EMBUDO LAGO,VERDE NEGRO,77171,184a2bde-ff07-4ed5-a890-e2f7bd0c6927,CONSIG01 - Inventario en consignación,Sin asignar,202511,202602,2.0,2.0,2.0,0.0,completo
EMBUDOFLORNIEVE,EMBUDO FLOR NIEVE,VERDE NEGRO,115070,5bb631b6-56ac-443d-9fdb-6c0941e73041,CONSIG01 - Inventario en consignación,Sin asignar,202508,202512,1.0,1.0,1.0,0.0,completo
ESCMAD,ESCULTURA EN MADERA459,ELSA URIBE,114921,66a3ee4b-6f9d-44ec-9b19-b112e9486998,CONSIG01 - Inventario en consignación,Sin asignar,202508,202512,1.0,1.0,1.0,0.0,completo
ESPALG,ESPRESSO ALGODON,VERDE NEGRO,76294,81aed4da-96a9-4ded-9d62-50c832388c54,CONSIG01 - Inventario en consignación,Sin asignar,202501,202501,2.0,2.0,2.0,0.0,completo
ESPLA,Espresso Lago,VERDE NEGRO,77167,ba4d4793-00de-4e8f-ad2f-23d8f0033f94,CONSIG01 - Inventario en consignación,Sin asignar,202508,202602,3.0,2.0,2.0,0.0,completo
ESPMA,ESPRESSO MARINO,VERDE NEGRO,76293,ccd02cd8-f488-4ad6-ad70-94df9d430214,CONSIG01 - Inventario en consignación,Sin asignar,202508,202508,4.0,2.0,2.0,0.0,completo
ESTEREOPESCUELLOALTO,ESTEREOPES CUELLO ALTO,KALA Y GRECO,114701,acc4eb91-fd4e-4e3b-a58e-b0683b71f731,CONSIG01 - Inventario en consignación,Sin asignar,202508,202512,1.0,1.0,1.0,0.0,completo
ETNPOL2004,Cuelga Gafas Etnico Bahia Solano,SAJU,63890,f7d8ce26-c368-4f00-999f-a618eb3b6346,CONSIG01 - Inventario en consignación,Sin asignar,202503,202512,2.0,2.0,2.0,0.0,completo
ETNPOL2005,Cuelga Gafas Etnico Baudó,SAJU,63888,9e205765-d88a-419f-afc2-efd75e98357d,CONSIG01 - Inventario en consignación,Sin asignar,202510,202510,3.0,1.0,1.0,0.0,completo
ETNPOL2025,Cuelga Gafas Etnico Turbo,SAJU,63889,371faa66-f517-44ca-9d0e-3cbe683e4830,CONSIG01 - Inventario en consignación,Sin asignar,202509,202601,2.0,2.0,2.0,0.0,completo
Embudoselva,EMBUDO SELVA,VERDE NEGRO,115067,bd55f377-8fd5-4f62-86d7-7efe99b1e7b8,CONSIG01 - Inventario en consignación,Sin asignar,202511,202602,2.0,2.0,2.0,0.0,completo
FLOOLI,FLORERO OLIVA,ZORRO Y JAGUAR,23459,e2d07886-69a0-47e7-baef-6873da981e31,CONSIG01 - Inventario en consignación,Sin asignar,202502,202512,1.0,1.0,1.0,0.0,completo
FLOST004,Cuelga Gafas Floating Orange,SAJU,63909,f6ce0dcb-e34e-4357-b55a-8897d9f7bd93,CONSIG01 - Inventario en consignación,Sin asignar,202502,202602,2.0,1.0,1.0,0.0,completo
GAFMAN002,Gafas de Sol Manhattan Olivia Greewood Lente Gris,SAJU,76936,44b8f028-63b2-437b-a1b1-1a2c6ed25b7a,CONSIG01 - Inventario en consignación,Sin asignar,202502,202510,1.0,1.0,1.0,0.0,completo
GAFMAN010,Gafas de Sol Manhattan Belinda Brown Lente Café,SAJU,63886,aed96038-5f49-49e2-b302-9509ed70146b,CONSIG01 - Inventario en consignación,Sin asignar,202506,202511,2.0,2.0,2.0,0.0,completo
GAFOH001,Gafas de Sol The Oh Effect Dark Chocolate Lente Café,SAJU,76934,d505ef95-bf5f-42ee-beaa-9f6dd39b8a54,CONSIG01 - Inventario en consignación,Sin asignar,202502,202512,1.0,1.0,1.0,0.0,completo
GAFOH004,Gafas de Sol The Oh Effect Lavander Lente Café,SAJU,63884,0c85b042-fb2e-48b2-b7f3-f73ad72ccbc4,CONSIG01 - Inventario en consignación,Sin asignar,202502,202504,1.0,1.0,1.0,0.0,completo
GAFOH008,Gafas de Sol The Oh Effect Light Mint Lente Gris,SAJU,76933,5e6aaf75-5bdc-4384-a37d-215a60d92563,CONSIG01 - Inventario en consignación,Sin asignar,202506,202510,2.0,1.0,1.0,0.0,completo
GAFPLP2468,Gafas de Sol Aruba Yotin Lente Azul,SAJU,76932,38067156-6b63-4988-8a3f-66e8236a4985,CONSIG01 - Inventario en consignación,Sin asignar,202502,202510,1.0,1.0,1.0,0.0,completo
GAFPLP2471,Gafas de Sol Aruba Yotin Lente Gris,SAJU,63882,8fac67b0-c3f2-44a8-bf01-951c1cd734a2,CONSIG01 - Inventario en consignación,Sin asignar,202510,202512,1.0,1.0,1.0,0.0,completo
GUGROBE,GUIRNALDA GRAN ODUN BEIGE,ABITA,24225,74ff62f5-626d-4df1-9c1e-ac395353f93e,CONSIG01 - Inventario en consignación,Sin asignar,202502,202510,1.0,1.0,1.0,0.0,completo
GUIRNGRANODUNVERDE,Guirnalda gran odun Verde Oliva,ABITA,77364,f0432c4e-6063-40d3-a8e6-1d07874cb534,CONSIG01 - Inventario en consignación,Sin asignar,202502,202510,1.0,1.0,1.0,0.0,completo
GUIRODUNY,GUIRNALDA GRAN ODUN YUTE,ABITA,23440,ab3bc6cc-0cc9-49ef-bd3d-4dd3df6a109b,CONSIG01 - Inventario en consignación,Sin asignar,202502,202512,1.0,1.0,1.0,0.0,completo
HILATE,VELA ATELIER SIETE,HILALMA Y ATELIER,139276,dd68e8fa-3852-44af-990b-2fe8bb9bb685,CONSIG01 - Inventario en consignación,Sin asignar,202512,202603,50.0,7.0,7.0,0.0,completo
IND-PTN-001,INDIVIDUALES PINTA TU NAVIDAD,PAPILU,127970,b7b2c6a6-6983-4e4e-9079-6a9bc3b47834,CONSIG01 - Inventario en consignación,Sin asignar,202511,202512,10.0,7.0,7.0,0.0,completo
JAB042,Jabón 330 mL Dulce de Vainilla,HILALMA,30049,e45ae880-dc3b-4c7e-b38a-6386ecf72dc9,CONSIG01 - Inventario en consignación,Sin asignar,202502,202502,2.0,2.0,2.0,0.0,completo
JARLAG,Jarra Lago,VERDE NEGRO,77169,c97ff9a2-58d9-4a5d-a55f-7dd1d44c04a0,CONSIG01 - Inventario en consignación,Sin asignar,202511,202511,2.0,2.0,2.0,0.0,completo
JARRABARRIGONALAGO,JARRA BARRIGONA LAGO,VERDE NEGRO,115061,209294d3-ce24-4887-9768-d04513cef60d,CONSIG01 - Inventario en consignación,Sin asignar,202508,202512,1.0,1.0,1.0,0.0,completo
JARRADESIERTO16OZ,JARRA DESIERTO,VERDE NEGRO,127815,f7cd12fe-9cdb-4aa7-ae9a-877e1723cffa,CONSIG01 - Inventario en consignación,Sin asignar,202511,202511,1.0,1.0,1.0,0.0,completo
JARRAL,JARRA ALGODON,VERDE NEGRO,76295,a7570b44-3b52-41c3-bd8e-2ce9b511aeee,CONSIG01 - Inventario en consignación,Sin asignar,202501,202501,1.0,1.0,1.0,0.0,completo
JARRANIEVE,JARRA NIEVE,VERDE NEGRO,114977,17f91e17-cfff-45ae-bf5d-67bc5b9e38d1,CONSIG01 - Inventario en consignación,Sin asignar,202508,202512,1.0,1.0,1.0,0.0,completo
JARRASELVA16OZ,JARRA SELVA,VERDE NEGRO,127814,181568d1-d218-40f2-8636-26d8f310d385,CONSIG01 - Inventario en consignación,Sin asignar,202511,202511,1.0,1.0,1.0,0.0,completo
JTE10401,JUTE CASELIO 10401 20 08,LA CASA DE PAPEL,103800,4dbf3ad9-18fd-405e-9f51-07403c167eb0,CONSIG01 - Inventario en consignación,Sin asignar,202508,202508,7.0,7.0,7.0,0.0,completo
KERVASEGRANDE,KERN VASE GRANDE,KALA Y GRECO,114713,45296c22-6457-4dae-bd32-33ff8f5f8d95,CONSIG01 - Inventario en consignación,Sin asignar,202508,202512,1.0,1.0,1.0,0.0,completo
KITREGALOCOCO,KIT DE REGALO COCO + COBIJA NATURAL,TEJIDOS DE FELICIDAD SAS,80949,81c45ba6-809b-4bc9-b388-abd308347fee,CONSIG01 - Inventario en consignación,Sin asignar,202505,202505,2.0,2.0,2.0,0.0,completo
L005,Agua de linos 250 mL - Playa Bonita,Hilalma,103489,b224d2aa-c4ab-4af4-80c3-5a946bb72bdc,CONSIG01 - Inventario en consignación,Sin asignar,202603,202602,21.0,13.0,13.0,0.0,completo
L006,Agua de linos 250 mL - Palma Real,HILALMA,29883,748140df-b2ac-4797-a936-b90339993a76,CONSIG01 - Inventario en consignación,Sin asignar,202512,202602,11.0,8.0,8.0,0.0,completo
L007,Agua de linos 250 mL - Dulce de Vainilla,HILALMA,29878,99b04532-cd0a-4b47-bb48-293a3ce0f4e1,CONSIG01 - Inventario en consignación,Sin asignar,202510,202602,3.0,3.0,3.0,0.0,completo
L008,Agua de linos 250 mL - Granada,HILALMA,29879,c9134590-b517-4f83-b0a2-b89f2e9d76e9,CONSIG01 - Inventario en consignación,Sin asignar,202603,202603,6.0,1.0,1.0,0.0,completo
L009,Agua de linos 250 mL - Noches Serenas,HILALMA,29882,870af0da-50bf-4a79-8dfa-19d2302a75ca,CONSIG01 - Inventario en consignación,Sin asignar,202510,202510,7.0,3.0,3.0,0.0,completo
L010,Agua de linos 250 mL - Watermelon Sugar,HILALMA,29885,dc5cf60f-8a75-43d7-966d-67db131978d1,CONSIG01 - Inventario en consignación,Sin asignar,202510,202602,5.0,5.0,5.0,0.0,completo
L011,Agua de linos 250 mL - Magia Oriental,HILALMA,29881,ebe41966-eb8c-4a68-8525-fc0a0cd0b63a,CONSIG01 - Inventario en consignación,Sin asignar,202603,202602,5.0,2.0,2.0,0.0,completo
L098,Agua de linos 250 mL - Alma de Oriente,HILALMA,103328,881b2bbf-51f8-4565-a00b-9d0cccd32180,CONSIG01 - Inventario en consignación,Sin asignar,202512,202512,13.0,4.0,4.0,0.0,completo
L099,Agua de linos 250 mL - Ambar de Nuit,HILALMA,103329,e0561299-4c7a-4d62-b8ea-ad8d87dc08e8,CONSIG01 - Inventario en consignación,Sin asignar,202508,202602,13.0,8.0,8.0,0.0,completo
LAMDEC,LAMINAS DECORATIVAS,ESCRIBANA,51094,6504b9aa-bbd6-4e7a-9573-c722dc884f7f,CONSIG01 - Inventario en consignación,Sin asignar,202504,202506,7.0,5.0,5.0,0.0,completo
LUNI,RECIBIDOR LUNITA,ACIER,139331,3a792d54-9858-44a0-ad8d-50fbb95a49eb,CONSIG01 - Inventario en consignación,Sin asignar,202512,202512,1.0,1.0,1.0,0.0,completo
MACETAS,MACETAS NAVIDAD,SANTACOLOMA,139185,3d41ac6b-5d00-4275-9f51-0fbd385e8425,CONSIG01 - Inventario en consignación,Sin asignar,202512,202512,6.0,3.0,3.0,0.0,completo
MANPALAGU220*150,MANTEL PALMAS AGUA 220X150,ABITA,26355,e5b38b47-41ab-478c-9144-15fbf259cf7c,CONSIG01 - Inventario en consignación,Sin asignar,202508,202510,1.0,1.0,1.0,0.0,completo
MANTELBUBBLES,Mantel Bubbles 220x150,ABITA,77355,cee1c0a4-9545-4099-8822-fddf220d46df,CONSIG01 - Inventario en consignación,Sin asignar,202502,202510,1.0,1.0,1.0,0.0,completo
MANTELLYPUTUS,MANTEL LYPTUS WREATHS 250 X 150 CMS,ABITA,127738,bb6483dc-1b84-49bc-91ba-bec73d175248,CONSIG01 - Inventario en consignación,Sin asignar,202511,202511,1.0,1.0,1.0,0.0,completo
MANTELMISTICAMISTY,MANTEL MISTICAL MISTY 250 X 150 CMS,ABITA,127739,df4aeaf6-02da-4714-b7ba-5ad8b2f46c52,CONSIG01 - Inventario en consignación,Sin asignar,202511,202512,1.0,1.0,1.0,0.0,completo
MANTELWOODLAND220X150,MANTEL WOODLAND 220 X 150 CMS,ABITA,127736,d56b020b-4e4e-499d-88e9-99b6af7bd837,CONSIG01 - Inventario en consignación,Sin asignar,202511,202512,1.0,1.0,1.0,0.0,completo
MATELLECOQ,Mantel Le Coq 220x150,ABITA,77357,5c38bb44-f65d-4d9e-a572-c5132cf858c5,CONSIG01 - Inventario en consignación,Sin asignar,202502,202510,1.0,1.0,1.0,0.0,completo
MBOTA300X150,Mantel Botanica 300x150,ABITA,77285,a6765d32-81c3-436d-9394-4d0c5cc70a6e,CONSIG01 - Inventario en consignación,Sin asignar,202502,202510,1.0,1.0,1.0,0.0,completo
MCTA001,EARRINGS CANDONGA TRIPLE MARGARITA,FENOMENA,139284,c7d408c9-6f2a-4012-bce1-8785f4073dfb,CONSIG01 - Inventario en consignación,Sin asignar,202512,202512,1.0,1.0,1.0,0.0,completo
MESAAUXCMADERA,MESA AUXILIAR C EN MADERA,KALA Y GRECO,80172,f6f55e8a-7c35-4985-94c9-aabc6ce3a0e1,CONSIG01 - Inventario en consignación,Sin asignar,202505,202508,2.0,1.0,1.0,0.0,completo
MESACONTRASTE90X80,Mesas de Centro Contraste medianas(90 cm madera y 80 cm concreto),KALA Y GRECO,80171,65006a39-af7d-47ce-b23b-6cde1bb8b0e0,CONSIG01 - Inventario en consignación,Sin asignar,202508,202510,1.0,1.0,1.0,0.0,completo
MESATM,MESA SAMAN 120X90,Mesas Naturales,103833,b924f659-96bc-423c-a4e2-aeb69fe7ed11,CONSIG01 - Inventario en consignación,Sin asignar,202506,202511,1.0,1.0,1.0,0.0,completo
MESAUTILITARIA,MESA UTILITARIA,TUCURINCA,79989,ff06bacb-d11a-4ee2-b431-ebc7637485d0,CONSIG01 - Inventario en consignación,Sin asignar,202504,202505,1.0,1.0,1.0,0.0,completo
MONSIL2001,MONKEY STOPPER NEGRO,SAJU,76918,2d1c0b38-0fd0-42b9-b02f-919ef672c531,CONSIG01 - Inventario en consignación,Sin asignar,202509,202512,4.0,3.0,3.0,0.0,completo
MSA001,MARGARITA STUD-AMA/EARRINGS/ARETES,FENOMENA,63297,f5c47fe0-436a-410d-b47d-04673b828bed,CONSIG01 - Inventario en consignación,Sin asignar,202510,202602,3.0,1.0,1.0,0.0,completo
MUA001,MUZO STUDS,FENOMENA,79039,4a817833-beee-4350-8d17-677de6afee26,CONSIG01 - Inventario en consignación,Sin asignar,202504,202510,1.0,1.0,1.0,0.0,completo
MUA003,TENA STUDS,FENOMENA,79040,ae8634ec-f2be-448f-a918-8e7252f34db4,CONSIG01 - Inventario en consignación,Sin asignar,202504,202508,1.0,1.0,1.0,0.0,completo
MUG15ONZASPANTANO,MUG 15 ONZAS PANTANO,VERDE NEGRO,115081,b8a500c6-c54e-4dde-aaea-43bf915b58fd,CONSIG01 - Inventario en consignación,Sin asignar,202508,202602,1.0,1.0,1.0,0.0,completo
MUR001,TENA RING-T6,FENOMENA,79042,553adf0b-7f72-4202-afa1-4322582494d8,CONSIG01 - Inventario en consignación,Sin asignar,202506,202512,2.0,2.0,2.0,0.0,completo
MUR004,MUZO RING-T6,FENOMENA,79045,83b0e4e8-4bfa-431e-a7b3-448da6089e74,CONSIG01 - Inventario en consignación,Sin asignar,202504,202512,1.0,1.0,1.0,0.0,completo
Mantelmakao220x150,Mantel Makao 220x150,ABITA,80709,13de0f5e-3054-4d65-8b85-89f4b06b3be0,CONSIG01 - Inventario en consignación,Sin asignar,202505,202510,1.0,1.0,1.0,0.0,completo
Muleton180x110,Muleton 180x110,ABITA,102779,4d0d0bb0-0fce-4330-a02d-7df2f78b319d,CONSIG01 - Inventario en consignación,Sin asignar,202506,202511,1.0,1.0,1.0,0.0,completo
NOV-001,NOVENA DE AGUINALDOS (NIÑOS),PAPILU,127969,fd5ce900-8066-4e38-a76e-e3940e7afb0c,CONSIG01 - Inventario en consignación,Sin asignar,202512,202512,25.0,14.0,14.0,0.0,completo
ORACULO,Oraculo Ojos de tus ojos,CAROLINA JIMENEZ,77317,f50e1643-e7be-4a8a-8d31-7796a183bf15,CONSIG01 - Inventario en consignación,Sin asignar,202507,202512,6.0,1.0,1.0,0.0,completo
ORI0041E,FRONTBACK NOVA /EARRINGS/ARETES,FENOMENA,63299,90c3067b-c418-426b-a72e-eea7ae184302,CONSIG01 - Inventario en consignación,Sin asignar,202503,202503,1.0,1.0,1.0,0.0,completo
ORIE0057E,CANDONGAS MINI/EARRINGS/ARETES,FENOMENA,63300,20804538-dade-4a31-ab90-a41083110539,CONSIG01 - Inventario en consignación,Sin asignar,202505,202602,4.0,2.0,2.0,0.0,completo
ORIE0058E,CANDONGA MAXI/EARRINGS/ARETES,FENOMENA,63301,174a6bfc-fd70-433e-a4dd-a629eeb629ec,CONSIG01 - Inventario en consignación,Sin asignar,202503,202503,1.0,1.0,1.0,0.0,completo
ORIE0061E,BASIC STUD/EARRINGS/ARETES,FENOMENA,63302,cd99500f-85e1-4d5d-90fb-3ae6a980402b,CONSIG01 - Inventario en consignación,Sin asignar,202506,202512,2.0,2.0,2.0,0.0,completo
ORIE0062E,MINI BASIC STUD / EARRINGS/ARETES,FENOMENA,63303,54abc134-f26c-4982-9f79-e8369fb756cf,CONSIG01 - Inventario en consignación,Sin asignar,202503,202602,4.0,3.0,3.0,0.0,completo
ORIR0060-T6,ANILLO TRIPLE BANG/RING/ANILLO,FENOMENA,63304,0fe236b5-6c7e-444e-82f8-7a6ba01cc1ce,CONSIG01 - Inventario en consignación,Sin asignar,202501,202510,1.0,1.0,1.0,0.0,completo
ORIR0060-T7,ANILLO TRIPLE BANG/RING/ANILLO,FENOMENA,63305,4888cf4a-2485-41d4-86aa-972e3fa5f55a,CONSIG01 - Inventario en consignación,Sin asignar,202504,202504,1.0,1.0,1.0,0.0,completo
ORIR0061-T5,ANILLO BANG/RING/ANILLO,FENOMENA,77459,674a5809-7bcc-4611-a3f4-9f9ef683fc74,CONSIG01 - Inventario en consignación,Sin asignar,202501,202601,1.0,1.0,1.0,0.0,completo
PANSINTAPA,PANERA COTTON SIN TAPA,ABITA,127730,b2f2a13c-ab11-459d-bbd5-45e09128a398,CONSIG01 - Inventario en consignación,Sin asignar,202511,202512,1.0,1.0,1.0,0.0,completo
PESE,PESEBRE EN HUASCA PLATANO,MIRIAM LONDOÑO,126881,b800d63d-2f16-47b1-8e02-c956389a4a16,CONSIG01 - Inventario en consignación,Sin asignar,202510,202602,3.0,1.0,1.0,0.0,completo
PINGRAN,PIN GRANDE NAVIDAD,SANTACOLOMAS,139186,a7c2076a-4384-4f39-8dde-4e5a1c93e4f0,CONSIG01 - Inventario en consignación,Sin asignar,202512,202512,12.0,4.0,4.0,0.0,completo
PINMEDIA,PIN MEDIANO NAVIDAD,SANTACOLOMAS,139187,02063ed9-5feb-4388-ac3e-a4d8f36b276a,CONSIG01 - Inventario en consignación,Sin asignar,202512,202512,25.0,2.0,2.0,0.0,completo
PINPEQUE,PIN PEQUEÑO PARA PORTAVASOS NAVIDAD,SANTACOLOMAS,139188,63044bc3-9d19-4a89-ad8c-987a1b87e87c,CONSIG01 - Inventario en consignación,Sin asignar,202512,202512,2.0,1.0,1.0,0.0,completo
POCBM,POCILLO BARRIGON MARINO,VERDE NEGRO,76301,c1c56f77-4c6b-4b19-aed1-74aa6e282546,CONSIG01 - Inventario en consignación,Sin asignar,202501,202512,2.0,2.0,2.0,0.0,completo
POCDE,Pocillo Desierto,VERDE NEGRO,40747,a3593ba7-f840-4dac-b187-468a0b2fceb8,CONSIG01 - Inventario en consignación,Sin asignar,202511,202512,4.0,3.0,3.0,0.0,completo
POCLAG,Pocillo Lago,VERDE NEGRO,77165,1e19ab80-a6f2-42e8-9047-6e95ad0cc449,CONSIG01 - Inventario en consignación,Sin asignar,202511,202602,2.0,1.0,1.0,0.0,completo
POCPAN,Pocillo Pantano,VERDE NEGRO,77164,adf69799-9b15-4abc-8afe-6e73beb8a3a7,CONSIG01 - Inventario en consignación,Sin asignar,202502,202512,4.0,4.0,4.0,0.0,completo
POGRAN,SOPORTE GRANDE MADERA 20CM,VERDE NEGRO,40766,4b2f3f30-a6e0-4533-b7b8-38e6176ce609,CONSIG01 - Inventario en consignación,Sin asignar,202511,202511,3.0,2.0,2.0,0.0,completo
PONCHODESERTBLOOM,PONCHO MUSELINA Desert Bloom 6 24,Poncho,78057,69d73680-9076-45c7-9dc3-f0a7ec45f95f,CONSIG01 - Inventario en consignación,Sin asignar,202512,202512,3.0,2.0,2.0,0.0,completo
PONCHOFRESHLEAF,PONCHO MUSELINA Fresh Leaf Talla 6 24,Poncho,78053,b019d94b-278c-43b8-9aab-1f780ad921e9,CONSIG01 - Inventario en consignación,Sin asignar,202510,202510,2.0,1.0,1.0,0.0,completo
PONCHOGOLDENSTAND,PONCHO MUSELINA Golden Sand talla 6 24,Poncho,78052,ee33c469-aae6-4500-94ee-c854160db93c,CONSIG01 - Inventario en consignación,Sin asignar,202512,202512,2.0,2.0,2.0,0.0,completo
PONCHOMICROFIBRABLUEWAVE8MAS,PONCHO MICROFIBRA BLUE WAVE 8 ADELANTE,PONCHO,114855,09219bb1-0c72-4df4-b345-44471a036177,CONSIG01 - Inventario en consignación,Sin asignar,202507,202510,1.0,1.0,1.0,0.0,completo
PONCHOMICROFIBRABUBBLEPOP2A5,PONCHO MICROFIBRA BUBBLE POP 2A5,PONCHO,114851,c27100ff-125c-4dfc-a114-a7c139d8a8cd,CONSIG01 - Inventario en consignación,Sin asignar,202511,202511,2.0,1.0,1.0,0.0,completo
PONCHOMICROFIBRABUBBLEPOP5A8,PONCHO MICROFIBRA BUBBLE POP 5A8,PONCHO,114853,63dc19f8-66cd-4013-b173-7b1311656b4c,CONSIG01 - Inventario en consignación,Sin asignar,202507,202509,1.0,1.0,1.0,0.0,completo
PONCHOMICROFOBIA8+,PONCHO MICROFIBRA Green Love 8+,PONCHO KIDZ,138474,20e17a6e-1509-4f2c-9151-4697aea8cd16,CONSIG01 - Inventario en consignación,Sin asignar,202511,202512,1.0,1.0,1.0,0.0,completo
PONCHOMICROURBANMOSAICGREN5A8,PONCHO MICROFIBRA URBAN MOSAIC GREEN 2 A 5,PONCHO,114854,73e0dbe7-eba1-4831-b4c4-7c93ee66d7f4,CONSIG01 - Inventario en consignación,Sin asignar,202512,202512,2.0,2.0,2.0,0.0,completo
PONCHOMICROURBANMOSAICPIN2A5,PONCHO MICROFIBRA URBAN MOSAIC PINK 2A5,PONCHO,114848,51ebc569-f3fa-4840-a425-028aa9995e62,CONSIG01 - Inventario en consignación,Sin asignar,202507,202512,1.0,1.0,1.0,0.0,completo
PONCHOSKYDREAM,PONCHO MUSELINA Sky Dream talla 6 24,Poncho,78055,09bca288-03f1-48c0-96cb-8938897dbee2,CONSIG01 - Inventario en consignación,Sin asignar,202507,202511,2.0,1.0,1.0,0.0,completo
PORTVAS,PORTAVASOS YUTE PALMA x SET 8,ELSA URIBE,80181,a23ec26a-cd75-47e1-ae69-28a55fa77681,CONSIG01 - Inventario en consignación,Sin asignar,202510,202510,1.0,1.0,1.0,0.0,completo
PTE017,MAYA3STONESTUDS/EARRINGS/AR,FENOMENA,63311,c51d9ca5-1ffb-4bc6-9488-af58b744e030,CONSIG01 - Inventario en consignación,Sin asignar,202512,202512,5.0,3.0,3.0,0.0,completo
PUE019,MAYA BASIC STUDS/EARRINGS/ARETES,FENOMENA,63312,971b9324-9b94-4e50-b0fa-3784078a533d,CONSIG01 - Inventario en consignación,Sin asignar,202506,202512,3.0,2.0,2.0,0.0,completo
RCAEDL10ML,ROLL ON CON ACEITE ESENCIAL DE LAVANDA 10 ML,LA LORENZA,27594,7c3761c8-73b8-4f35-9c83-8537a22b929d,CONSIG01 - Inventario en consignación,Sin asignar,202507,202512,3.0,1.0,1.0,0.0,completo
REF018R1,ENTERIZO LUPE ROJO 6 A 7 AÑOS,LA TUTU,139370,9d4a089d-0941-4103-abba-81f6e3a27db0,CONSIG01 - Inventario en consignación,Sin asignar,202512,202512,1.0,1.0,1.0,0.0,completo
REF025I6,GUAYABERA IVORY (CREMA) 6 A 12 MESES,LA TUTU,139385,e3fd91bd-c318-422a-b157-c55ecef90b05,CONSIG01 - Inventario en consignación,Sin asignar,202512,202512,1.0,1.0,1.0,0.0,completo
RKPLA007,Gafas de Sol Rocket Jupiter Lente Café,SAJU,76922,b8f2fd5f-55d0-48da-9367-3a7858a8104b,CONSIG01 - Inventario en consignación,Sin asignar,202502,202512,1.0,1.0,1.0,0.0,completo
RKPLA014,Gafas de Sol Rocket Midnight Green Lente Verde,SAJU,63879,063667f7-233e-49f0-a356-4126120a75f3,CONSIG01 - Inventario en consignación,Sin asignar,202502,202512,1.0,1.0,1.0,0.0,completo
RKPLA018P,GAFAS DE PANTALLA ROCKET DARK CHOCOLATE,SAJU,126853,5d4de03c-4596-4c4c-96f0-dbb76db991d7,CONSIG01 - Inventario en consignación,Sin asignar,202510,202512,1.0,1.0,1.0,0.0,completo
RL015,Refill agua de linos 1000 mL - Palma Real,HILALMA,77269,b8b740bc-2c2a-4115-8495-35913cd1da05,CONSIG01 - Inventario en consignación,Sin asignar,202507,202507,2.0,1.0,1.0,0.0,completo
RNN010,MAYA 3 STONE NECKALCE,FENOMENA,114826,7e72cf51-5dfb-40d8-9bf1-5d3ebf200f23,CONSIG01 - Inventario en consignación,Sin asignar,202510,202512,2.0,1.0,1.0,0.0,completo
RNN011,MAYA STONE NECKLACE,FENOMENA,79941,563f94b5-2cf5-47ff-af46-60f4de517f69,CONSIG01 - Inventario en consignación,Sin asignar,202505,202510,1.0,1.0,1.0,0.0,completo
RO011-T5,Anillo 4 Esmeraldas,FENOMENA,78051,0be565ef-2117-4a16-8cb5-40fc82ea8f3d,CONSIG01 - Inventario en consignación,Sin asignar,202504,202510,1.0,1.0,1.0,0.0,completo
RO011-T6,ANILLO 4 ESMERALDAS/RING/ANILLO,FENOMENA,63314,318b9004-f167-4221-b7ac-bc58551ee52b,CONSIG01 - Inventario en consignación,Sin asignar,202502,202504,1.0,1.0,1.0,0.0,completo
RO011-T7,ANILLO 4 ESMERALDAS/RING/ANILLO,FENOMENA,63315,385a567b-d47a-4a7e-ae65-724cfad6a63e,CONSIG01 - Inventario en consignación,Sin asignar,202504,202504,2.0,2.0,2.0,0.0,completo
ROW103T6,ANILLO DONA T6,FENOMENA,77462,4adbbcb8-0efd-4e11-8278-795dad1ade6c,CONSIG01 - Inventario en consignación,Sin asignar,202501,202510,1.0,1.0,1.0,0.0,completo
ROW103T7,ANILLO DONA T7,FENOMENA,77461,c5a40765-864d-49bd-ab4d-f1f5ff400592,CONSIG01 - Inventario en consignación,Sin asignar,202501,202510,1.0,1.0,1.0,0.0,completo
ROW106,5 STUD STONE/EARRINGS/ARETES,FENOMENA,63316,ba2df66a-2547-4ac7-97ec-819ce55c54d0,CONSIG01 - Inventario en consignación,Sin asignar,202512,202512,5.0,2.0,2.0,0.0,completo
S173M231,GAFAS DE SOL ECO-ACETATO MOSS CLEAR BLUE,SAJU,126857,c42ae527-6b86-42a4-83e0-f6c1f2296291,CONSIG01 - Inventario en consignación,Sin asignar,202510,202511,1.0,1.0,1.0,0.0,completo
S176M241,GAFAS DE SOL ECO-ACETATO BLOOM CLEAR OLIVE,SAJU,126856,a9a2c141-ebb5-4634-865e-9dd6a05f9e2a,CONSIG01 - Inventario en consignación,Sin asignar,202510,202511,1.0,1.0,1.0,0.0,completo
S252R1S,GAFAS DE SOL ECO-ACETATO ROCKET ECLIPSE,SAJU,126854,c6339419-c3bc-465b-a9a0-d982f13b511a,CONSIG01 - Inventario en consignación,Sin asignar,202510,202512,1.0,1.0,1.0,0.0,completo
SCLACHD,SERVILLETA CLÁSICA CRUDO HILO DORADO SET 4,ABITA,23431,b533dedd-3210-4cdd-a2f0-4b5aa2dcb34a,CONSIG01 - Inventario en consignación,Sin asignar,202505,202510,2.0,1.0,1.0,0.0,completo
SERBAQ,SET X 6 SERVILLETEROS CARNAVAL DE BARRANQUILLA,MESAS NATURALES,102697,6825388e-6886-42eb-9590-bbc52fe407c0,CONSIG01 - Inventario en consignación,Sin asignar,202510,202510,6.0,5.0,5.0,0.0,completo
SERENC,SERVILLETA ENCANTO BLANCA SET X4,ABITA,24508,23e4367e-7b76-43be-9a45-c913afc06fc5,CONSIG01 - Inventario en consignación,Sin asignar,202505,202510,1.0,1.0,1.0,0.0,completo
SEREVSX4,SERVILLETA ENCANTO VERDE SET X 4,ABITA,63421,680c7290-2db7-4f06-9815-1d8505124144,CONSIG01 - Inventario en consignación,Sin asignar,202506,202509,2.0,2.0,2.0,0.0,completo
SERFLOAM,SERVILLETERO FLORA AMARILLO SET X4,ABITA,24506,3fb7e209-c9ee-4e99-8384-beb1dd230ba7,CONSIG01 - Inventario en consignación,Sin asignar,202505,202512,6.0,5.0,5.0,0.0,completo
SERFLOBE,SERVILLETERO FLORA BEIGE SET X4,ABITA,23434,bcc66eec-07b5-4f06-845d-419d02a9e65c,CONSIG01 - Inventario en consignación,Sin asignar,202502,202510,1.0,1.0,1.0,0.0,completo
SETVACOX4,SET X4 VASOS BRUMA COBALTO,ZORRO Y JAGUAR,26272,e4b14039-7201-4c6e-b1c1-e4d71aab7827,CONSIG01 - Inventario en consignación,Sin asignar,202511,202602,2.0,2.0,2.0,0.0,completo
SETX4SHOTSBRUMANATURAL,SETX4 SHOTS BRUMA NATURAL,ZORRO Y JAGUAR,80946,67ba2d98-28a9-4049-b3d7-bba75eaaf339,CONSIG01 - Inventario en consignación,Sin asignar,202505,202602,3.0,3.0,3.0,0.0,completo
ServilletaClasicaCrudosetx4,Servilleta Clasica Crudo set x 4,ABITA,102774,93795054-d2b3-4af3-8ea8-10a841e072a7,CONSIG01 - Inventario en consignación,Sin asignar,202506,202512,2.0,1.0,1.0,0.0,completo
ServilletaEncantoCrudo,Servilleta Encanto Crudo set x 4,ABITA,80715,f2ab8cac-f6ae-4012-8fd1-1627704137e9,CONSIG01 - Inventario en consignación,Sin asignar,202505,202510,2.0,2.0,2.0,0.0,completo
TABLAAMBROSIACIRCULAR,TABLA AMBROSIA CIRCULAR,KALA Y GRECO,114708,06ed4e2a-122d-4e24-b2b6-5728d4ac126d,CONSIG01 - Inventario en consignación,Sin asignar,202508,202508,1.0,1.0,1.0,0.0,completo
TAP244*35CM,Tapete 244 x 305 cm Sisal,FALABELA,76720,efff07a9-aadb-4c10-92a3-95efbacabc3f,CONSIG01 - Inventario en consignación,Sin asignar,202501,202504,1.0,1.0,1.0,0.0,completo
TAPCRO,BARI TAPETE REDONDO 1.80,ARBIF,114292,f483bf2c-5dd5-4a2b-944c-f23fdfc02caf,CONSIG01 - Inventario en consignación,Sin asignar,202507,202508,1.0,1.0,1.0,0.0,completo
TAR-REG-002,TARJETAS DE NAVIDAD WINTER CHRISTMAS,PAPILU,127972,1b8d7305-27f8-4739-8180-c7bc34fb2135,CONSIG01 - Inventario en consignación,Sin asignar,202511,202512,5.0,2.0,2.0,0.0,completo
TARJARAMACAO,TARJETA PERSONAL ARAMACAO - 40,ESCRIBANA,79976,050138a0-6e97-429c-8bef-9c4f079995f4,CONSIG01 - Inventario en consignación,Sin asignar,202507,202507,1.0,1.0,1.0,0.0,completo
TARJBOSQUE,TARJETA PERSONAL BOSQUE - 40,ESCRIBANA,79979,7a113165-24af-4429-ba58-4d7d26248f92,CONSIG01 - Inventario en consignación,Sin asignar,202506,202506,1.0,1.0,1.0,0.0,completo
TARJPLAYAJAG,TARJETA PERSONAL PLAYA JAGUAR - 40,ESCRIBANA,79975,3688e5e2-74b9-46c0-9f33-eafa34fd761b,CONSIG01 - Inventario en consignación,Sin asignar,202506,202506,1.0,1.0,1.0,0.0,completo
TAZA2.5ONZASBIJAO,TAZA 2.5 ONZAS BIJAO,VERDE NEGRO,115075,07312684-6544-4426-8234-91ecb6f6e61a,CONSIG01 - Inventario en consignación,Sin asignar,202508,202512,2.0,2.0,2.0,0.0,completo
TAZA6ONZASBIJAO,TAZA 6 ONZAS BIJAO,VERDE NEGRO,115076,1f150525-811c-4696-abaf-a1f0644f2617,CONSIG01 - Inventario en consignación,Sin asignar,202508,202512,1.0,1.0,1.0,0.0,completo
TAZA6ONZASMARINO,TAZA 6 ONZAS MARINO,VERDE NEGRO,115077,4402c46c-1bb8-46ee-9711-0b3de5aac43a,CONSIG01 - Inventario en consignación,Sin asignar,202508,202512,1.0,1.0,1.0,0.0,completo
TAZAROMBOLAGO,TAZA ROMBO LAGO,VERDE NEGRO,115074,00f25e2e-5e66-4d87-bb2d-48f449b2d29b,CONSIG01 - Inventario en consignación,Sin asignar,202508,202512,1.0,1.0,1.0,0.0,completo
TAZAROMBONIEVE,TAZA ROMBO NIEVE,VERDE NEGRO,115073,742b3e98-6dfd-4987-93ee-1b45aecefb72,CONSIG01 - Inventario en consignación,Sin asignar,202508,202512,2.0,2.0,2.0,0.0,completo
TAZD,TAZA DESIERTO,VERDE NEGRO,76302,e9f8fce0-3f05-4240-b80d-0cfa5296e032,CONSIG01 - Inventario en consignación,Sin asignar,202501,202512,1.0,1.0,1.0,0.0,completo
TAZP,TAZA POMAROSA,VERDE NEGRO,76303,7de5af12-23da-4afb-a95d-b34ecc1bb1a3,CONSIG01 - Inventario en consignación,Sin asignar,202508,202602,1.0,1.0,1.0,0.0,completo
TCS11U,Top Capa Serena Negro,PI AND GAMA,150366,7bde512f-b5c7-4865-b88d-ac5dc49c758c,CONSIG01 - Inventario en consignación,Sin asignar,202602,202603,2.0,1.0,1.0,0.0,completo
TOALLABEBEBUBBLEPOP,TOALLA BEBE BUBBLE POP,PONCHO,114857,559d6712-6667-4168-a06f-343953bab134,CONSIG01 - Inventario en consignación,Sin asignar,202512,202512,2.0,2.0,2.0,0.0,completo
TOALLACRYSTALBAY,TOALLA KIDS Crystal Bay,Poncho,78061,d15cdd9c-790b-448e-8f35-4519d355d6ad,CONSIG01 - Inventario en consignación,Sin asignar,202504,202512,1.0,1.0,1.0,0.0,completo
TORTILLEROCANASTASICILIA,TORTILLERO CON CANASTA SICILIA,ABITA,126201,1d45e6b3-63d5-43f3-a024-958096d282dc,CONSIG01 - Inventario en consignación,Sin asignar,202509,202512,1.0,1.0,1.0,0.0,completo
TRIBEE,SET X 3 VELAS BEELA,ALEJANDRA ANDRADE,138967,323908bf-dd7b-4a6b-ae50-75fbdf104072,CONSIG01 - Inventario en consignación,Sin asignar,202512,202602,4.0,3.0,3.0,0.0,completo
V-arte-1.5,SET*3 VELA ARTESANAL LARGA DE 25*1.5 CM,ELSA URIBE,26824,0a1f4ccc-8ddc-47aa-9433-061696d04eca,CONSIG01 - Inventario en consignación,Sin asignar,202512,202512,1.0,1.0,1.0,0.0,completo
V001,Vela Copa Artesanal 280 g - Playa Bonita,HILALMA,29902,865d8817-eade-4506-8a92-1c4df52bd9cd,CONSIG01 - Inventario en consignación,Sin asignar,202603,202603,14.0,12.0,12.0,0.0,completo
V002,Vela Copa Artesanal 280 g - Palma Real,HILALMA,29901,05613d9d-ce1e-4238-a92c-990b5af0fcc6,CONSIG01 - Inventario en consignación,Sin asignar,202603,202603,15.0,12.0,12.0,0.0,completo
V004,Vela Copa Artesanal 280 gGranada,HILALMA,30053,7f5c47f9-7947-447e-9ce1-eaa703418241,CONSIG01 - Inventario en consignación,Sin asignar,202603,202603,14.0,6.0,6.0,0.0,completo
V0096,Vela Copa Artesanal 280 g - Alma de Oriente,HILALMA,103330,9718173f-1542-4c39-9df8-eed884fda2d0,CONSIG01 - Inventario en consignación,Sin asignar,202603,202603,8.0,5.0,5.0,0.0,completo
V0097,Vela Copa Artesanal 280 g - Ambar de Nuit,HILALMA,103331,b24a6d17-42e2-4ed4-b6b9-7281de953f77,CONSIG01 - Inventario en consignación,Sin asignar,202603,202602,14.0,11.0,11.0,0.0,completo
VAR032,Difusor Varitas 100 mL - Palma Real,Hilalma,103479,981d5542-5fc5-4964-b5fe-f9f11e008f0b,CONSIG01 - Inventario en consignación,Sin asignar,202603,202602,3.0,1.0,1.0,0.0,completo
VAR033,Difusor Varitas 100 mL - Dulce de Vainilla,Hilalma,103478,1f500278-4848-4fe5-832f-d5874649bff1,CONSIG01 - Inventario en consignación,Sin asignar,202510,202602,3.0,3.0,3.0,0.0,completo
VAR037,Difusor Varitas 100 mL - Magia Oriental,HILALMA,29894,8e58f96f-a9be-482f-a6e6-bb20159a745f,CONSIG01 - Inventario en consignación,Sin asignar,202603,202512,3.0,1.0,1.0,0.0,completo
VAR038,Difusor Varitas 100 mL - Jardín Rosé,HILALMA,29893,6ebd682c-73e5-4533-bbc4-29f4c5056561,CONSIG01 - Inventario en consignación,Sin asignar,202506,202602,2.0,2.0,2.0,0.0,completo
VAR075,Refill Difusor Varitas 300 mL - Amare,HILALMA,77272,123484f0-6cbe-4c30-89ac-b2f9c26f0876,CONSIG01 - Inventario en consignación,Sin asignar,202506,202602,2.0,2.0,2.0,0.0,completo
VAR080,Refill Difusor Varitas 300 mL - Noches Serenas,HILALMA,77277,902c0289-53f1-4724-9522-2dd4cbc827bc,CONSIG01 - Inventario en consignación,Sin asignar,202512,202602,2.0,2.0,2.0,0.0,completo
VAR081,Refill Difusor Varitas 300 mL - Palma Real,HILALMA,77278,4d947a8d-84ff-46c1-8cc8-4ba92e036793,CONSIG01 - Inventario en consignación,Sin asignar,202508,202602,2.0,2.0,2.0,0.0,completo
VAR104,Difusor Varitas 100 mL - Alma de Oriente,HILALMA,103332,74356e14-0c37-45b5-a37c-40b37fd3bb29,CONSIG01 - Inventario en consignación,Sin asignar,202512,202602,8.0,5.0,5.0,0.0,completo
VAR105,Difusor Varitas 100 mL - Ambar de Nuit,HILALMA,103333,eed52800-6f88-4590-b881-8cbb5cca33c9,CONSIG01 - Inventario en consignación,Sin asignar,202507,202601,7.0,5.0,5.0,0.0,completo
VASIJADEMETERS,VASIJA DEMETER S,KALA Y GRECO,114712,bf9bf672-c76b-4aac-be28-dbeda615e4dd,CONSIG01 - Inventario en consignación,Sin asignar,202508,202512,1.0,1.0,1.0,0.0,completo
VASIJAGEAMINI,VASIJA GEA MINI,KALA Y GRECO,114716,c9c8d3b3-4c68-4e6a-8e20-6b7fa68361af,CONSIG01 - Inventario en consignación,Sin asignar,202512,202512,3.0,1.0,1.0,0.0,completo
VELASCORTAS,SETX3 VELAS CORTAS,ZORRO Y JAGUAR,77311,bd4e23be-33c2-418f-9e86-76ee1281e8ad,CONSIG01 - Inventario en consignación,Sin asignar,202505,202511,2.0,2.0,2.0,0.0,completo
VELONBEELA,VELON DE BEELA EN CERA DE ABEJA,ALEJANDRA ANDRADE,80183,978df611-787c-43df-8a80-bff23dfffe0e,CONSIG01 - Inventario en consignación,Sin asignar,202510,202510,4.0,1.0,1.0,0.0,completo
VELONBEELAALTO,VELON ALTO EN CERA DE ABEJA,ALEJANDRA ANDRADE,126502,133981f1-698a-41e5-9f46-69bce2a32d0a,CONSIG01 - Inventario en consignación,Sin asignar,202512,202512,8.0,4.0,4.0,0.0,completo
VI-AP-BO-BI-UN-01,APAGAVELAS BORRACHERO,ZORRO Y JAGUAR,80945,703a6982-703f-4a3e-8576-8f07e552e58e,CONSIG01 - Inventario en consignación,Sin asignar,202511,202602,4.0,2.0,2.0,0.0,completo
VI-AP-FL-ES-UN-01,APAGAVELAS ESMERALDA,ZORRO Y JAGUAR,77314,2bd67737-bc53-4160-a840-e80cad50e253,CONSIG01 - Inventario en consignación,Sin asignar,202511,202511,9.0,4.0,4.0,0.0,completo
VI-SH-BR-AM-SE-04,SHOT BRUMA AMBAR SET X 4,ZORRO Y JAGUAR,62949,cb5dc7ad-6f2c-4e4e-8df6-330987dbe5bc,CONSIG01 - Inventario en consignación,Sin asignar,202502,202603,1.0,1.0,1.0,0.0,completo
VI-SH-BR-ES-SE-04,SHOT BRUMA ESMERALDA SET X 4,ZORRO Y JAGUAR,77313,accfbccc-c027-4bd9-9bc0-9088adf14b4a,CONSIG01 - Inventario en consignación,Sin asignar,202502,202603,3.0,3.0,3.0,0.0,completo
VI-SH-BR-NA-SE-04,SHOT BRUMA NATURAL SET X4,ZORRO Y JAGUAR,62950,58169edb-b7b6-4dcd-9f09-596c275725bd,CONSIG01 - Inventario en consignación,Sin asignar,202505,202603,3.0,1.0,1.0,0.0,completo
VI-VA-BR-AM-SE-04,VASO BRUMA AMBAR SET X4,ZORRO Y JAGUAR,23485,9cf5771c-60a5-4117-88b5-6bb250973bb4,CONSIG01 - Inventario en consignación,Sin asignar,202511,202511,4.0,1.0,1.0,0.0,completo
VM08U,Vestido Mahal Mocca,PI AND GAMA,150369,2e21513f-cd1f-4681-b4a2-d02b4134adc4,CONSIG01 - Inventario en consignación,Sin asignar,202602,202603,1.0,1.0,1.0,0.0,completo
azuredl,CAMISETA NAVAL CUELLO REDONDO CON BOLSILLO L,LUCK&LOAD,127519,354bdf1c-18cc-44be-be1f-83a6685ded9f,CONSIG01 - Inventario en consignación,Sin asignar,202512,202601,2.0,1.0,1.0,0.0,completo
blaredl,CAMISETA BLANCA CUELLO REDONDO CON BOLSILLO L,LUCK&LOAD,127522,13b1cfca-e0ed-4a95-8f10-ca105aeeff27,CONSIG01 - Inventario en consignación,Sin asignar,202510,202602,1.0,1.0,1.0,0.0,completo
camhon250,CAMINO HONEY BEE 250*67,ABITA,139680,5f5e4b40-70e4-4577-b985-6a9ed06dc79b,CONSIG01 - Inventario en consignación,Sin asignar,202512,202512,1.0,1.0,1.0,0.0,completo
cojraf,COJIN RAFIA,MATILDE LONDOÑO,127590,32be4720-3a73-4d7d-a55f-26dcd4207edf,CONSIG01 - Inventario en consignación,Sin asignar,202512,202603,3.0,1.0,1.0,0.0,completo
denverl,CHAQUETA OBRERA VERDE MILITAR L,LUCK&LOAD,128171,7d663cdc-fe4c-479f-a688-4f65c5ccee8d,CONSIG01 - Inventario en consignación,Sin asignar,202512,202602,2.0,2.0,2.0,0.0,completo
detcaml,CHAQUETA DETROIT CAMEL L,LUCK&LOAD,127547,30554442-0b9d-4699-8a3a-b9c09a0554ee,CONSIG01 - Inventario en consignación,Sin asignar,202510,202601,1.0,1.0,1.0,0.0,completo
detcamm,CHAQUETA DETROIT CAMEL M,LUCK&LOAD,127551,ae34a4fe-a2f7-4838-97cd-04b6c38e7f49,CONSIG01 - Inventario en consignación,Sin asignar,202512,202601,3.0,3.0,3.0,0.0,completo
detcamxl,CHAQUETA DETROIT CAMEL XL,LUCK&LOAD,127553,2e839010-a330-4bf5-b3c9-d4e79ed1b8f6,CONSIG01 - Inventario en consignación,Sin asignar,202512,202601,3.0,2.0,2.0,0.0,completo
detnegl,CHAQUETA DETROIT NEGRA L,LUCK&LOAD,127554,98168331-7844-4c90-a82b-e37bbb986d7b,CONSIG01 - Inventario en consignación,Sin asignar,202512,202601,2.0,1.0,1.0,0.0,completo
detverm,CHAQUETA DETROIT VERDE M,LUCK&LOAD,127557,44cdd15d-1b89-449a-b037-473ddabe190a,CONSIG01 - Inventario en consignación,Sin asignar,202512,202601,2.0,2.0,2.0,0.0,completo
griredl,CAMISETA GRIS CUELLO REDONDO CON BOLSILLO L,LUCK&LOAD,127559,cefcdbcf-b03d-4c4f-90ec-a94bdb87992c,CONSIG01 - Inventario en consignación,Sin asignar,202512,202602,2.0,2.0,2.0,0.0,completo
griredm,CAMISETA GRIS CUELLO REDONDO CON BOLSILLO M,LUCK&LOAD,127560,abf81888-b7d4-483f-a045-a3a34958cae5,CONSIG01 - Inventario en consignación,Sin asignar,202512,202512,2.0,1.0,1.0,0.0,completo
jogcafl,JOGGER CAFÉ TALLA L,LUCK&LOAD,127568,c55fa6b8-e4a9-4344-ba5d-51fe580aa4a0,CONSIG01 - Inventario en consignación,Sin asignar,202603,202512,3.0,1.0,1.0,0.0,completo
jogcafm,JOGGER CAFÉ TALLA M,LUCK&LOAD,127570,cc096204-2ce6-4b4b-9a2e-dd7ac78137a5,CONSIG01 - Inventario en consignación,Sin asignar,202510,202602,1.0,1.0,1.0,0.0,completo
jogcafs,JOGGER CAFÉ TALLA S,LUCK&LOAD,127572,f8e2e20f-e8b1-4c17-898d-1a08958d0351,CONSIG01 - Inventario en consignación,Sin asignar,202512,202602,2.0,1.0,1.0,0.0,completo
manteluraba220x150,Mantel Uraba 220x150,ABITA,80702,211a79fd-c830-4239-a710-e7d1fb55d209,CONSIG01 - Inventario en consignación,Sin asignar,202505,202510,1.0,1.0,1.0,0.0,completo
medcneg,MEDIA CORTA NEGRA,LUCK&LOAD,127584,09de8660-a237-4d3e-85c5-39ad021b2d60,CONSIG01 - Inventario en consignación,Sin asignar,202510,202512,3.0,1.0,1.0,0.0,completo
mestod,MESA TODERA METALICA NEGRA,ACIER,139066,71645cfb-c724-483a-8960-82e6b269e5d1,CONSIG01 - Inventario en consignación,Sin asignar,202507,202601,1.0,1.0,1.0,0.0,completo
milazul,CHAQUETA MILITAR NAVAL L,LUCK&LOAD,127593,e7b3e66d-37e5-4e53-a284-1a2bc8eca1f5,CONSIG01 - Inventario en consignación,Sin asignar,202510,202511,1.0,1.0,1.0,0.0,completo
milazum,CHAQUETA MILITAR NAVAL M,LUCK&LOAD,127594,84a9a9bc-0c15-4495-8f3b-f175a02b2be2,CONSIG01 - Inventario en consignación,Sin asignar,202512,202602,2.0,2.0,2.0,0.0,completo
milmill,CHAQUETA MILITAR MILITAR L,LUCK&LOAD,127595,4cb04ed4-3063-4216-b3d1-96445b249baf,CONSIG01 - Inventario en consignación,Sin asignar,202512,202512,2.0,1.0,1.0,0.0,completo
milmilm,CHAQUETA MILITAR MILITAR M,LUCK&LOAD,127596,7150bec6-3841-4079-8130-4a073d36ecf0,CONSIG01 - Inventario en consignación,Sin asignar,202512,202512,2.0,2.0,2.0,0.0,completo
milnegl,CHAQUETA MILITAR NEGRA L,LUCK&LOAD,127598,301374c9-10d0-4ee1-858c-9e3e8fc031a9,CONSIG01 - Inventario en consignación,Sin asignar,202512,202512,2.0,1.0,1.0,0.0,completo
oxfblas,CAMISA OXFORD BLANCO S,LUCK&LOAD,127629,27a1f7f7-ab8b-416b-9ad3-9b6eec96f7b5,CONSIG01 - Inventario en consignación,Sin asignar,202510,202602,1.0,1.0,1.0,0.0,completo
oxfross,CAMISA OXFORD ROSADO S,LUCK&LOAD,127635,ef3ba3c0-532c-48df-9763-4a6b63dc5952,CONSIG01 - Inventario en consignación,Sin asignar,202510,202602,1.0,1.0,1.0,0.0,completo
pinredm,CAMISETA CUELLO REDONDO CON BOLSILLO VERDE PINO TALLA M,LUCK&LOAD,138898,796d2533-2852-44c5-aacb-a97e5cc8df9a,CONSIG01 - Inventario en consignación,Sin asignar,202512,202512,1.0,1.0,1.0,0.0,completo
pinredxl,CAMISETA CUELLO REDONDO CON BOLSILLO VERDE PINO TALLA XL,LUCK&LOAD,138899,3cdbc88d-c5bf-4f64-bb87-479b21ee9841,CONSIG01 - Inventario en consignación,Sin asignar,202512,202512,1.0,1.0,1.0,0.0,completo
rosredl,CAMISETA ROSADA CUELLO REDONDO CON BOLSILLO L,LUCK&LOAD,127645,6011301c-81d9-4c00-9c10-90e80e242164,CONSIG01 - Inventario en consignación,Sin asignar,202510,202603,1.0,1.0,1.0,0.0,completo
sinbolblal,CAMISETA BLANCA CUELLO REDONDO SIN BOLSILLO L,LUCK&LOAD,127652,cc1956ce-d036-4045-b2d1-84ac61dc88b8,CONSIG01 - Inventario en consignación,Sin asignar,202512,202512,2.0,1.0,1.0,0.0,completo
1020,SAN JUAN CUADROS 15X15,ARBIF,24065,b44c696d-a47a-43ef-b912-9298c75071c6,CONSIG01 - Inventario en consignación,Sin asignar,202509,202602,1.0,2.0,1.0,1.0,parcial
201307DIAMANTE,DIAMANTE CATTLEYA-GRANITO DIAMANTE,FORA,81600,b1a28d72-c6f4-475f-87e6-d1b18681d6a0,CONSIG01 - Inventario en consignación,Sin asignar,202512,202601,1.0,2.0,1.0,1.0,parcial
CUEBOR1909,Cuelga Gafas Cuero Bordado Flamingo,SAJU,63893,4067e3ef-bdbd-4e81-b2d3-85b25a8ba391,CONSIG01 - Inventario en consignación,Sin asignar,202507,202512,2.0,3.0,2.0,1.0,parcial
MAGDALENA-ARMLESS-SILLA,MAGDALENA ARMLESS TAPIZADO CORDON CIENAGUERO,TUCURINCA CONS,92444,61c1a786-242b-4572-855f-fdd0e7a326b6,CONSIG01 - Inventario en consignación,Sin asignar,202504,202509,6.0,7.0,6.0,1.0,parcial
MSZ001,MARGARITA STUD-ZAF/EARRINGS/ARETES,FENOMENA,63298,a9e6e1ed-c61d-4a4d-871d-280222d69e0c,CONSIG01 - Inventario en consignación,Sin asignar,202501,202510,1.0,2.0,1.0,1.0,parcial
ORIR0061-T6,ANILLO BANG/RING/ANILLO,FENOMENA,63306,f038cff5-1512-4049-8c56-a327e52eba6e,CONSIG01 - Inventario en consignación,Sin asignar,202501,202510,1.0,2.0,1.0,1.0,parcial
SCLACH,SERVILLETA CLASICA BEIGE,ABITA,78296,8b7ccbe9-4943-48c7-bc84-fbbf9b7d8c80,CONSIG01 - Inventario en consignación,Sin asignar,202504,202504,1.0,2.0,1.0,1.0,parcial
VI-VA-BR-NA-SE-04,VASO BRUMA NATURAL SET X4,ZORRO Y JAGUAR,28832,56bf8a4e-a1b2-49f2-9e42-aba9716a3f36,CONSIG01 - Inventario en consignación,Sin asignar,202511,202602,6.0,7.0,6.0,1.0,parcial
01010305,CAMISA MANGA LARGA CAQUI XL,LEKAMP SAS,91693,116292c5-27db-45ed-8b46-2eb9b533cfa6,CONSIG01 - Inventario en consignación,Sin asignar,,202602,0.0,1.0,0.0,1.0,sin_stock
01010406,CAMISA MANGA LARGA GRIS XXL,LEKAMP,138548,b01a0bd4-a166-4df2-b2e2-29751658b1f1,CONSIG01 - Inventario en consignación,Sin asignar,,202601,0.0,1.0,0.0,1.0,sin_stock
01010603,CAMISA MANGA LARGA NEGRA M,LEKAMP SAS,125362,a43be424-9a22-4da5-a7d9-dc5857b194e7,CONSIG01 - Inventario en consignación,Sin asignar,,202602,0.0,1.0,0.0,1.0,sin_stock
01010706,CAMISA MANGA LARGA CELESTE XXL,LEKAMP SAS,91924,079c3e59-b8ab-4c59-9af4-b49f153f9a27,CONSIG01 - Inventario en consignación,Sin asignar,,202601,0.0,1.0,0.0,1.0,sin_stock
1060,SAN JUAN NUDOS 15 X 15,ARBIF,23366,fd4d9132-3b3d-497d-b5c8-80e4e3f5ec8c,CONSIG01 - Inventario en consignación,Sin asignar,,202511,0.0,2.0,0.0,2.0,sin_stock
1121,SAN JUAN FRUTERO CUADROS 35X12,ARBIF,139133,99353036-19ac-4f5f-a04d-484c7ed6fff2,CONSIG01 - Inventario en consignación,Sin asignar,,202602,0.0,1.0,0.0,1.0,sin_stock
200610ARENA,MATERA MAO LISA ARENA,FORA,78366,165687fc-95d7-4564-b6b7-e99450c7b9cd,CONSIG01 - Inventario en consignación,Sin asignar,,202505,0.0,1.0,0.0,1.0,sin_stock
3103,SANDONA 17X17 ZIGZAG BLANCO Y VINOTINTO,ARBIF,139129,522d1bc1-10dc-4621-a5da-3c363a47276a,CONSIG01 - Inventario en consignación,Sin asignar,,202602,0.0,1.0,0.0,1.0,sin_stock
3132,SANDONA 15X15 CUADROS BLANCO Y AZUL,ARBIF,139127,5b492ebc-5f36-418c-87dd-b9015623c6e5,CONSIG01 - Inventario en consignación,Sin asignar,,202602,0.0,1.0,0.0,1.0,sin_stock
3201,SANDONA FRUTERO VERDE Y BLANCO,ARBIF,125773,71cf9dbe-7a9d-41a2-885d-f633a4386db1,CONSIG01 - Inventario en consignación,Sin asignar,,202602,0.0,1.0,0.0,1.0,sin_stock
4637,BARI MOCHILA ABANICO AZUL M,ARBIF,125811,ced91ef6-be10-48aa-aba3-02c887b56fde,CONSIG01 - Inventario en consignación,Sin asignar,,202601,0.0,1.0,0.0,1.0,sin_stock
4803,BARI PANERA CON TAPA MORENO NATURAL,ARBIF,125778,dc68fdbf-8471-4604-bb43-33fe2703e697,CONSIG01 - Inventario en consignación,Sin asignar,,202601,0.0,1.0,0.0,1.0,sin_stock
4923,BARI INDIVIDUAL FLOR MORENO NATURAL,ARBIF,125786,f169a332-4824-4a05-9107-c7378cf9f18b,CONSIG01 - Inventario en consignación,Sin asignar,,202602,0.0,10.0,0.0,10.0,sin_stock
4962,BARI INDIVIDUAL FLECOS MORENO NATURAL Y AZUL M,ARBIF,125791,e92b6db8-2411-42f8-b09d-d32bcaf37dc7,CONSIG01 - Inventario en consignación,Sin asignar,,202601,0.0,6.0,0.0,6.0,sin_stock
4991,BARI SERVILLETERO MORENO NATURAL,ARBIF,139105,4b6699da-0a31-4417-ae70-06846a197bc1,CONSIG01 - Inventario en consignación,Sin asignar,,202602,0.0,12.0,0.0,12.0,sin_stock
4993,BARI SERVILLETERO AZUL M,ARBIF,139107,13702b27-b667-416d-85e2-4e892f7505e1,CONSIG01 - Inventario en consignación,Sin asignar,,202602,0.0,8.0,0.0,8.0,sin_stock
4994,BARI PORTAVASOS CROCHET MORENO NATURAL,ARBIF,139118,adbc698b-164b-482e-b60f-c3e59d9ad447,CONSIG01 - Inventario en consignación,Sin asignar,,202602,0.0,6.0,0.0,6.0,sin_stock
90*57,FOTO- CEBRA SIMETRIA,MARTIN JARAMILLO,29804,a3ecc248-e2db-408e-b237-a4debe37a3b0,CONSIG01 - Inventario en consignación,Sin asignar,,202507,0.0,1.0,0.0,1.0,sin_stock
AHD-PF-01,PUFF SILO LISO,ALELI,79907,c6459e24-235c-47eb-b75a-90b819ac2c3e,CONSIG01 - Inventario en consignación,Sin asignar,,202601,0.0,1.0,0.0,1.0,sin_stock
AQ018,TOPOS TENNIS MEDIOS,FENOMENA,126472,40709435-3841-4f2c-a1d5-c22e247129f9,CONSIG01 - Inventario en consignación,Sin asignar,,202601,0.0,1.0,0.0,1.0,sin_stock
ARTEMISABOWL,ARTEMISA BOWL,KALA Y GRECO,114714,fd6be80c-398c-4608-a3cf-81312f5cb63e,CONSIG01 - Inventario en consignación,Sin asignar,,202602,0.0,1.0,0.0,1.0,sin_stock
BBCMNB,BARI BOLSO CACTUS MORENO NATURAL Y BLANCO,ARBIF,27434,7984c670-31af-4558-a438-baf293598aed,CONSIG01 - Inventario en consignación,Sin asignar,,202602,0.0,1.0,0.0,1.0,sin_stock
C1032E002,1032 EARCUFF,FENOMENA,91988,a1b9738b-b07b-4fde-8e9a-6bfdc8552e64,CONSIG01 - Inventario en consignación,Sin asignar,,202602,0.0,1.0,0.0,1.0,sin_stock
CAMMSAGEROSE,CAMINO DE MESA SAGE ROSE 200 X 42 CMS,ABITA,127733,681e9f1b-8f43-4a2b-bd8e-7e283db20cde,CONSIG01 - Inventario en consignación,Sin asignar,,202601,0.0,1.0,0.0,1.0,sin_stock
CARTUSELVAJAGUAR,CARTUCHERA DE LONA CON DISEÑO SELVA JAGUAR,ESCRIBANA,79971,9fde3013-53b1-4548-b2ef-e2689642b2c7,CONSIG01 - Inventario en consignación,Sin asignar,,202508,0.0,1.0,0.0,1.0,sin_stock
CBURSA210X42,CAMINO BURSA 210 X 42,ABITA,23516,5377c854-4c54-4cd3-bb28-808813a1ba80,CONSIG01 - Inventario en consignación,Sin asignar,,202501,0.0,1.0,0.0,1.0,sin_stock
COJINUMAVERDE,COJIN UMA VERDE,ABITA,102781,5c282b92-f6be-4fab-854c-5e246a09d64d,CONSIG01 - Inventario en consignación,Sin asignar,,202602,0.0,1.0,0.0,1.0,sin_stock
COLPOL,COLUMNA POLIN,ELSA URIBE,80179,6db2b2ca-fca2-421b-b099-3da857f375e8,CONSIG01 - Inventario en consignación,Sin asignar,,202602,0.0,1.0,0.0,1.0,sin_stock
CTALAVERA250X67,CAMINO TALAVERA 250 X 67,ABITA,23429,78c1ed01-b163-4d37-8059-29fcd1cc4cb6,CONSIG01 - Inventario en consignación,Sin asignar,,202601,0.0,1.0,0.0,1.0,sin_stock
CURABA250*67,CAMINO URABA 250*67,ABITA,125600,a51a8400-103c-4d6a-ae20-d963d3ebd816,CONSIG01 - Inventario en consignación,Sin asignar,,202509,0.0,1.0,0.0,1.0,sin_stock
EMBALG,EMBUDO ALGODON,VERDE NEGRO,76297,ae8e47f2-cb77-4535-b9a1-2937c9b7b5e1,CONSIG01 - Inventario en consignación,Sin asignar,,202602,0.0,1.0,0.0,1.0,sin_stock
ESPNIE,ESPRESSO NIEVE,VERDE NEGRO,77166,c44fd3c1-812f-4237-a060-685a160feea4,CONSIG01 - Inventario en consignación,Sin asignar,,202602,0.0,1.0,0.0,1.0,sin_stock
ESPPANT,Espresso Pantano,VERDE  NEGRO,77168,7a0ea099-6cf4-4c91-b480-00ab0f37b49a,CONSIG01 - Inventario en consignación,Sin asignar,,202602,0.0,2.0,0.0,2.0,sin_stock
IndividualLaberintos,Individual Laberintos set x 4,ABITA,80711,7bbb124b-3df6-4d40-bc18-8417e01b2166,CONSIG01 - Inventario en consignación,Sin asignar,,202601,0.0,1.0,0.0,1.0,sin_stock
JARMOSC,JARRON MOSCU,OBRA NEGRA,23511,bab8838c-40e2-47c8-8484-b6c1b8350270,CONSIG01 - Inventario en consignación,Sin asignar,,202509,0.0,1.0,0.0,1.0,sin_stock
JG50616-001,SET 6 VASOS VIDRIO ACANALADO 14 ONZAS,ALUMAR SAS,138926,9a0998a2-b279-4442-8b93-87b6bda20758,CONSIG01 - Inventario en consignación,Sin asignar,,202601,0.0,6.0,0.0,6.0,sin_stock
KF002,KIT DE FRUTAS PARTIDAS,TINELA,27677,463bca0c-3bbe-4954-98e0-53ad1308fe5b,CONSIG01 - Inventario en consignación,Sin asignar,,202602,0.0,1.0,0.0,1.0,sin_stock
LUPLP002,GAFAS DE SOL LUP ARMY GREEN,SAJU,126850,25cfaf50-3ea4-4884-b219-e5b86bed8a14,CONSIG01 - Inventario en consignación,Sin asignar,,202601,0.0,1.0,0.0,1.0,sin_stock
Lampara-de-piso-zinto,Lampara de piso Zinto,TUCURINCA CONSIGNACION,139082,271ab578-bd65-4411-8aad-ea266c32a1f3,CONSIG01 - Inventario en consignación,Sin asignar,,202601,0.0,1.0,0.0,1.0,sin_stock
MALAB220*150,MANTEL LABERINTOS 220 x 150,ABITA,24221,d3d56a59-b953-4c4c-b482-e1b276de0b00,CONSIG01 - Inventario en consignación,Sin asignar,,202601,0.0,1.0,0.0,1.0,sin_stock
MANDRAGO220*150,MANTEL DRAGONFLIES 220*150,ABITA,40821,ddc7d892-9620-4e1f-99a6-f3255be6f6ec,CONSIG01 - Inventario en consignación,Sin asignar,,202601,0.0,1.0,0.0,1.0,sin_stock
MANTELBERENJENA220X150,Mantel Paralel Berenjena 220x150,ABITA,114972,3eeb7845-5823-4bb1-bca2-250ab9a63080,CONSIG01 - Inventario en consignación,Sin asignar,,202601,0.0,1.0,0.0,1.0,sin_stock
MANTELHIEDRA,Mantel Hiedra 250x150,ABITA,77359,9fe71465-9885-4863-adef-9904db89deea,CONSIG01 - Inventario en consignación,Sin asignar,,202601,0.0,2.0,0.0,2.0,sin_stock
MANTELHONEY,Mantel Honeybee 220x150,ABITA,77356,b217c26a-b603-416a-9156-ec2b4faa3c19,CONSIG01 - Inventario en consignación,Sin asignar,,202601,0.0,1.0,0.0,1.0,sin_stock
MATERAADRIADES,MATERA ADRIADES,KALA Y GRECO,114715,dafe33fb-6650-4e62-bae4-4f7a8093c12e,CONSIG01 - Inventario en consignación,Sin asignar,,202603,0.0,1.0,0.0,1.0,sin_stock
MESATP,MESA NSAMAN PEQUEÑA,Mesas Naturales,103834,7dd59f73-6275-4c6d-96a0-ecef3f9018d8,CONSIG01 - Inventario en consignación,Sin asignar,,202602,0.0,1.0,0.0,1.0,sin_stock
MINIJARRANOCHE,MINI JARRA NOCHE,ZORRO Y JAGUAR,80941,3a2d12e6-f4bd-4c42-bd0a-2c25f7a149b1,CONSIG01 - Inventario en consignación,Sin asignar,,202601,0.0,2.0,0.0,2.0,sin_stock
MUG15ONZASNIEVE,MUG 15 ONZAS NIEVE,VERDE NEGRO,115079,e75ec677-139b-4703-948c-9d5ee724bd1a,CONSIG01 - Inventario en consignación,Sin asignar,,202602,0.0,1.0,0.0,1.0,sin_stock
PETOV,Peto Verde,BYO,62049,199ad6f1-c1f5-45e0-b351-b9ef440f46c2,CONSIG01 - Inventario en consignación,Sin asignar,,202506,0.0,1.0,0.0,1.0,sin_stock
PONMICPP,PONCHO MICROFIBRA Pixel Party Talla 2 a 5,PONCHO KIDZ,139229,385755ef-7e58-488c-a429-2ab1d2e0596d,CONSIG01 - Inventario en consignación,Sin asignar,,202603,0.0,1.0,0.0,1.0,sin_stock
PRE002,PROVIDENCIAMIDROUND/EARRIN,FENOMENA,63310,3f17d85a-0482-4a52-a504-a5ad4ca22df0,CONSIG01 - Inventario en consignación,Sin asignar,,202503,0.0,1.0,0.0,1.0,sin_stock
REF002V,JARDINERA ADA VERDE OLIVA 3 A 6 MESES,LA TUTU,139379,0b8adeb0-3929-4a89-85ef-2f6a1d700d35,CONSIG01 - Inventario en consignación,Sin asignar,,202601,0.0,1.0,0.0,1.0,sin_stock
REF009,SHORT AGUS VERDE OLIVA 3 A 6 MESES,LA TUTU,139393,a6308935-1a26-49b3-b2f3-ade018a7190f,CONSIG01 - Inventario en consignación,Sin asignar,,202601,0.0,1.0,0.0,1.0,sin_stock
REF025I3,GUAYABERA IVORY (CREMA) 3 A 6 MESES,LA TUTU,139384,2771480a-54c5-41be-95f5-876e51460a78,CONSIG01 - Inventario en consignación,Sin asignar,,202601,0.0,1.0,0.0,1.0,sin_stock
REF0313,CAMISETA DE NIÑO BLANCA 3 A 4 AÑOS,LA TUTU,139364,33337b13-5a1a-4b46-baec-fd3f4564acac,CONSIG01 - Inventario en consignación,Sin asignar,,202601,0.0,1.0,0.0,1.0,sin_stock
RL014,Refill agua de linos 1000 mL - Playa Bonita,HILALMA,77270,de062f4a-ef44-4dde-a0f7-6956030fa5d1,CONSIG01 - Inventario en consignación,Sin asignar,,202603,0.0,1.0,0.0,1.0,sin_stock
RL016,Refill agua de linos 1000 mL - Dulce de Vainilla,HILALMA,77264,88a9939a-2373-42c2-95f8-04e9d4ee2e1e,CONSIG01 - Inventario en consignación,Sin asignar,,202602,0.0,1.0,0.0,1.0,sin_stock
RL019,Refill agua de linos 1000 mL - Watermelon Sugar,HILALMA,77271,0ff0264e-3989-452c-be4a-a85fadd09e7c,CONSIG01 - Inventario en consignación,Sin asignar,,202602,0.0,1.0,0.0,1.0,sin_stock
RO015,TOPOS CORONA,FENOMENA,139285,66b7bdaf-055c-4d88-abb2-4ffd0fcd106b,CONSIG01 - Inventario en consignación,Sin asignar,,202603,0.0,1.0,0.0,1.0,sin_stock
SALSIL2006,Salva Mugre Rosa,SAJU,63913,6a93ce55-dd3e-4568-95d8-b830206e7de1,CONSIG01 - Inventario en consignación,Sin asignar,,202602,0.0,1.0,0.0,1.0,sin_stock
SAMANPATAHIERRO,COMEDOR SAMAN PATAS METALICAS,MESAS NATURALES,128084,a53f66ad-7708-41e1-af12-af4a3395deda,CONSIG01 - Inventario en consignación,Sin asignar,,202511,0.0,1.0,0.0,1.0,sin_stock
SANJBACUA20X20,SAN JUAN BARRIL CUADROS 20 X 20,ARBIF,23373,1695e564-4f06-4ee9-a619-3b8cf3d64d56,CONSIG01 - Inventario en consignación,Sin asignar,,202602,0.0,1.0,0.0,1.0,sin_stock
SERVIFLORABEIGE,Servilletero Flora Beige set x 4,ABITA,77362,e1a4cecf-2a8a-47a3-ac43-db2a7b01937e,CONSIG01 - Inventario en consignación,Sin asignar,,202507,0.0,1.0,0.0,1.0,sin_stock
SETX4VI-VA-OC-BI-SE-VASOSOCASO,VASO OCASO SET X4,ZORRO Y JAGUAR,80938,50232a39-383c-4c04-bb1d-95e0b31f6d88,CONSIG01 - Inventario en consignación,Sin asignar,,202603,0.0,1.0,0.0,1.0,sin_stock
TAR-REG-001,TARJETAS DE NAVIDAD CLASSIC CHRISTMAS,PAPILU,127971,2d973d7f-3361-4761-a6cc-fd31b8df39e7,CONSIG01 - Inventario en consignación,Sin asignar,,202601,0.0,2.0,0.0,2.0,sin_stock
TAZAL,TAZA ALGODON,VERDE NEGRO,76304,96e8fe3c-635f-43d6-9220-2411ff5aa94f,CONSIG01 - Inventario en consignación,Sin asignar,,202602,0.0,1.0,0.0,1.0,sin_stock
TAZNIE,Taza Nieve,VERDE NEGRO,40762,93f8ef87-ed5c-44cf-97a4-0a715392e0a2,CONSIG01 - Inventario en consignación,Sin asignar,,202512,0.0,1.0,0.0,1.0,sin_stock
TOALLAADULTOSTRIPEMOTION,TOALLA ADULTO STRIPE MOTION,PONCHO,114859,070a2e39-4c8f-421a-a112-2261cff9506f,CONSIG01 - Inventario en consignación,Sin asignar,,202603,0.0,1.0,0.0,1.0,sin_stock
TORTIIKATROJA,TORTILLERO CON CANASTA IKAT ROJA,ABITA,126197,2f291339-4b68-4346-919e-78272420fa3c,CONSIG01 - Inventario en consignación,Sin asignar,,202601,0.0,1.0,0.0,1.0,sin_stock
TORTILLEROCANASTAPALMAAGUA,TORTILLERO CON CANASTA PALMAS AGUA,ABITA,126200,45c73e9a-07e9-4a00-b9ad-09d1e985cb70,CONSIG01 - Inventario en consignación,Sin asignar,,202601,0.0,1.0,0.0,1.0,sin_stock
V155,Vela Artesanal 300 g - Aurora en Fiesta,HILALMA,139099,2515ca4c-80da-4715-abcf-d5c01f7ef541,CONSIG01 - Inventario en consignación,Sin asignar,,202602,0.0,1.0,0.0,1.0,sin_stock
VAR036,Difusor Varitas 100 mL - Watermelon Sugar,Hilalma,103480,a2d4e4d4-36d3-41d2-af56-07f4dc2a4986,CONSIG01 - Inventario en consignación,Sin asignar,,202602,0.0,2.0,0.0,2.0,sin_stock
VAR076,Refill Difusor Varitas 300 mL - Dulce de Vainilla,HILALMA,77273,413711d2-3692-4633-ab0e-80406fdfcb30,CONSIG01 - Inventario en consignación,Sin asignar,,202602,0.0,1.0,0.0,1.0,sin_stock
VAR077,Refill Difusor Varitas 300 mL - Granada,HILALMA,77274,0c420af4-c610-4e9a-b60b-4e4a5ff75979,CONSIG01 - Inventario en consignación,Sin asignar,,202602,0.0,1.0,0.0,1.0,sin_stock
VAR078,Refill Difusor Varitas 300 mL - Jardín Rosé,HILALMA,77275,b81dc5e1-8caf-4cf6-a4c5-8a86f6680d63,CONSIG01 - Inventario en consignación,Sin asignar,,202602,0.0,1.0,0.0,1.0,sin_stock
VAR079,Refill Difusor Varitas 300 mL - Magia Oriental,HILALMA,77276,bde33ef7-8dfa-4858-b2c2-38dc60692265,CONSIG01 - Inventario en consignación,Sin asignar,,202602,0.0,1.0,0.0,1.0,sin_stock
VAR082,Refill Difusor Varitas 300 mL - Playa Bonita,HILALMA,77279,b2490442-816f-4bc3-a738-51d63f71205a,CONSIG01 - Inventario en consignación,Sin asignar,,202602,0.0,1.0,0.0,1.0,sin_stock
VAR083,Refill Difusor Varitas 300 mL - Watermelon Sugar,HILALMA,77280,8850bc5b-5501-4230-ac7c-6602e92641f3,CONSIG01 - Inventario en consignación,Sin asignar,,202602,0.0,1.0,0.0,1.0,sin_stock
VAR106,Refill Difusor Varitas 300 mL - Alma de Oriente,HILALMA,127722,04b3ef4b-41ba-4112-811a-d3ef80ca7a5c,CONSIG01 - Inventario en consignación,Sin asignar,,202602,0.0,1.0,0.0,1.0,sin_stock
VAR107,Refill Difusor Varitas 300 mL - Ambar de Nuit,HILALMA,127725,406facfb-4499-4e25-939e-bc47fd170cba,CONSIG01 - Inventario en consignación,Sin asignar,,202602,0.0,1.0,0.0,1.0,sin_stock
VELON_COR,VELON CORTO BEELA,ALEJANDRA ANDRADE,138966,28e000ca-8a5e-48d8-be16-58e3ddc5dba0,CONSIG01 - Inventario en consignación,Sin asignar,,202602,0.0,1.0,0.0,1.0,sin_stock
VESTMC,Vestido Midi Crudo,BYO,62045,4202c562-9a5c-46ea-b080-280b9a89cb95,CONSIG01 - Inventario en consignación,Sin asignar,,202506,0.0,1.0,0.0,1.0,sin_stock
VESTT,Vestido Terra Terracota,BYO,62042,fcbcde1d-3557-4047-97c9-81cb7dd599e1,CONSIG01 - Inventario en consignación,Sin asignar,,202506,0.0,1.0,0.0,1.0,sin_stock
VI-FL-LL-NA-UN-01,FLORERO DE LLORENTE,ZORRO Y JAGUAR,23487,11f9d04d-2ed8-4d1f-8770-da08f3bb6610,CONSIG01 - Inventario en consignación,Sin asignar,,202603,0.0,2.0,0.0,2.0,sin_stock
VI-SH-OC-AM-SE-04,SHOT ANOCHECER AMBAR SET X4,ZORRO Y JAGUAR,80943,4ce63a9e-1237-4d02-9c8d-17c37295a74e,CONSIG01 - Inventario en consignación,Sin asignar,,202603,0.0,1.0,0.0,1.0,sin_stock
VI-SH-OC-NA-SE-04,SHOT ATARDECER NATURAL SET X4,ZORRO Y JAGUAR,80942,12e96ca9-5536-4243-b938-dc0a58e373a6,CONSIG01 - Inventario en consignación,Sin asignar,,202603,0.0,1.0,0.0,1.0,sin_stock
blinoverl,BERMUDA LINO VERDE L,LUCK&LOAD,139963,b9e13801-471d-4592-bc7f-e6602b75e680,CONSIG01 - Inventario en consignación,Sin asignar,,202601,0.0,1.0,0.0,1.0,sin_stock
buznegl,BUZO CUELLO REDONDO NEGRO L,LUCK&LOAD,127538,729aa2f6-9d61-4c73-95c4-a8723162610a,CONSIG01 - Inventario en consignación,Sin asignar,,202602,0.0,1.0,0.0,1.0,sin_stock
buznegm,BUZO CUELLO REDONDO NEGRO M,LUCK&LOAD,127539,cd008cf6-d04e-4e26-b6ba-f8d5e6f772d5,CONSIG01 - Inventario en consignación,Sin asignar,,202602,0.0,1.0,0.0,1.0,sin_stock
clinoazul,CAMISA LINO AZUL L,LUCK&LOAD,139967,4307a46c-5051-431c-a284-b6d2ee19b80d,CONSIG01 - Inventario en consignación,Sin asignar,,202601,0.0,1.0,0.0,1.0,sin_stock
clinoverl,CAMISA LINO VERDE L,LUCK&LOAD,139964,f4e1cb91-c28c-4b43-a2f0-71e0d59377e1,CONSIG01 - Inventario en consignación,Sin asignar,,202601,0.0,1.0,0.0,1.0,sin_stock
denbeim,CHAQUETA OBRERA BEIGE M,LUCK&LOAD,139484,4922d5d1-0b0c-44e8-ae63-04b95d6323a2,CONSIG01 - Inventario en consignación,Sin asignar,,202601,0.0,1.0,0.0,1.0,sin_stock
detnegm,CHAQUETA DETROIT NEGRA M,LUCK&LOAD,127555,aa95b427-8363-4ce4-b652-3e31585ddcb3,CONSIG01 - Inventario en consignación,Sin asignar,,202602,0.0,2.0,0.0,2.0,sin_stock
harazul,CHAQUETA HARRIGTON AZUL L,LUCK&LOAD,128142,f41ec161-9a57-470f-85e7-77cab600f070,CONSIG01 - Inventario en consignación,Sin asignar,,202602,0.0,1.0,0.0,1.0,sin_stock
harnegl,CHAQUETA HARRIGTON NEGRA L,LUCK&LOAD,128148,4982fcc6-e0fe-4d15-b327-342d6c206d3e,CONSIG01 - Inventario en consignación,Sin asignar,,202601,0.0,1.0,0.0,1.0,sin_stock
harverm,CHAQUETA HARRTINGTON VERDE M,LUCK&LOAD,128150,151de682-8853-48ac-b8eb-2b00f18e1bb6,CONSIG01 - Inventario en consignación,Sin asignar,,202601,0.0,1.0,0.0,1.0,sin_stock
mantelbotanica150x150,Mantel Botanica 150x150,ABITA,114973,030a2113-e9c0-41f4-a579-ac84222da3ca,CONSIG01 - Inventario en consignación,Sin asignar,,202601,0.0,1.0,0.0,1.0,sin_stock
mantelchapolera220x150,Mantel Chapolera 220x150,ABITA,80703,00573cdd-d593-4f8b-afb7-c127ee2d70bc,CONSIG01 - Inventario en consignación,Sin asignar,,202601,0.0,1.0,0.0,1.0,sin_stock
medcver,MEDIA CORTA VERDE,LUCK&LOAD,127585,1266bb55-34d8-4d91-ba8b-1f6f9b80a93c,CONSIG01 - Inventario en consignación,Sin asignar,,202602,0.0,1.0,0.0,1.0,sin_stock
milbeil,CHAQUETA MILITAR BEIGE L,LUCK&LOAD,139403,b59c4e09-aff4-4515-9da7-d11cd42b509e,CONSIG01 - Inventario en consignación,Sin asignar,,202601,0.0,1.0,0.0,1.0,sin_stock
milbeim,CHAQUETA MILITAR BEIGE M,LUCK&LOAD,139402,23622310-3c81-43e6-a408-162a0695a38d,CONSIG01 - Inventario en consignación,Sin asignar,,202602,0.0,1.0,0.0,1.0,sin_stock
milbeis,CHAQUETA MILITAR BEIGE S,LUCK&LOAD,139401,c7955729-77c9-4883-b224-a7090db69dc4,CONSIG01 - Inventario en consignación,Sin asignar,,202601,0.0,1.0,0.0,1.0,sin_stock
milmils,CHAQUETA MILITAR MILITAR S,LUCK&LOAD,139334,517e5fa4-f0c1-46cb-9695-c600ca06c59c,CONSIG01 - Inventario en consignación,Sin asignar,,202601,0.0,1.0,0.0,1.0,sin_stock
milnegm,CHAQUETA MILITAR NEGRA M,LUCK&LOAD,139406,8c53f202-347f-4bee-929b-696da2edb0da,CONSIG01 - Inventario en consignación,Sin asignar,,202602,0.0,1.0,0.0,1.0,sin_stock
mlbblal,CAMISETA BLANCA CUELLO TRES BOTONES MANGA LARGA L,LUCK&LOAD,127599,55a189f5-822e-4811-b600-bf5d6db4b2c0,CONSIG01 - Inventario en consignación,Sin asignar,,202602,0.0,1.0,0.0,1.0,sin_stock
mlbnavl,CAMISETA NAVAL CUELLO TRES BOTONES MANGA LARGA L,LUCK&LOAD,127602,07e50f05-fdec-4d8d-aae9-75b387a0d88c,CONSIG01 - Inventario en consignación,Sin asignar,,202602,0.0,1.0,0.0,1.0,sin_stock
mlbnegl,CAMISETA NEGRA CUELLO TRES BOTONES MANGA LARGA L,LUCK&LOAD,127603,18428388-91ac-4247-bde2-876533c75cf9,CONSIG01 - Inventario en consignación,Sin asignar,,202602,0.0,1.0,0.0,1.0,sin_stock
mlbnegs,CAMISETA NEGRA CUELLO TRES BOTONES MANGA LARGA S,LUCK&LOAD,127605,2962a1f6-bf91-4a8c-8448-1cb72b94afd2,CONSIG01 - Inventario en consignación,Sin asignar,,202602,0.0,1.0,0.0,1.0,sin_stock
oxfcell,CAMISA OXFORD CELESTE L,LUCK&LOAD,127630,0ae34f5d-c7c9-48e4-af08-63165924e581,CONSIG01 - Inventario en consignación,Sin asignar,,202602,0.0,1.0,0.0,1.0,sin_stock
polarel,POLO MANGA LARGA ARENA L,LUCK&LOAD,127636,4119a6d8-6be7-49b5-9172-85057aa12cb7,CONSIG01 - Inventario en consignación,Sin asignar,,202601,0.0,1.0,0.0,1.0,sin_stock
polarexs,POLO MANGA LARGA ARENA XS,LUCK&LOAD,127638,5a14a207-f2ec-4544-9d43-715b82c33fa6,CONSIG01 - Inventario en consignación,Sin asignar,,202602,0.0,1.0,0.0,1.0,sin_stock
poltrona-skii-madera,Poltrona Skii Madera,TUCURINCA CONSIGNACION,139081,22af724d-600c-40c6-b040-38d7374b87a3,CONSIG01 - Inventario en consignación,Sin asignar,,202601,0.0,4.0,0.0,4.0,sin_stock
polvins,POLO MANGA LARGA VINO S,LUCK&LOAD,127644,66fbbb13-4f74-424d-a084-3fd4f453bc41,CONSIG01 - Inventario en consignación,Sin asignar,,202601,0.0,1.0,0.0,1.0,sin_stock
silla-apropiada,Apropiada [SILLA],TUCURINCA CONSIGNACION,139079,8a384d24-45b2-47e9-9513-5b8f6fc4b889,CONSIG01 - Inventario en consignación,Sin asignar,,202602,0.0,2.0,0.0,2.0,sin_stock
sillcha,SILLA CHANDIGARH X KYG,KALA Y GRECO,139191,6f43a097-e358-4196-af99-fd22f614beb2,CONSIG01 - Inventario en consignación,Sin asignar,,202602,0.0,2.0,0.0,2.0,sin_stock
sinbolblam,CAMISETA BLANCA CUELLO REDONDO SIN BOLSILLO M,LUCK&LOAD,127653,c57feb87-1a33-441f-9f63-845f01edb845,CONSIG01 - Inventario en consignación,Sin asignar,,202603,0.0,1.0,0.0,1.0,sin_stock
sinbolblas,CAMISETA BLANCA CUELLO REDONDO SIN BOLSILLO S,LUCK&LOAD,127654,9024adae-47ae-4f78-8f99-d5142ad34686,CONSIG01 - Inventario en consignación,Sin asignar,,202602,0.0,1.0,0.0,1.0,sin_stock
sinbolnegm,CAMISETA NEGRA CUELLO REDONDO SIN BOLSILLO M,LUCK&LOAD,127656,24122de0-daea-4c25-be10-d0b755e7dbd7,CONSIG01 - Inventario en consignación,Sin asignar,,202602,0.0,1.0,0.0,1.0,sin_stock
sinbolrosm,CAMISETA ROSADA CUELLO REDONDO SIN BOLSILLO M,LUCK&LOAD,127658,3be2e30c-6f71-4b2b-9c95-6c8a9d6a330a,CONSIG01 - Inventario en consignación,Sin asignar,,202602,0.0,1.0,0.0,1.0,sin_stock
sinbolross,CAMISETA ROSADA CUELLO REDONDO SIN BOLSILLO S,LUCK&LOAD,127659,fbbd93de-e348-4c7e-b903-e02a21173d08,CONSIG01 - Inventario en consignación,Sin asignar,,202602,0.0,1.0,0.0,1.0,sin_stock
